product_views,searches,cart_additions,conversion_intent,previous_orders,average_order_value,total_spend,customer_type_encoded
7,1,1,0.14285693877580175,2,39782.87544834228,79565.75089668456,1
15,1,5,0.3333331111112593,4,42840.533797470016,171362.13518988006,1
11,6,4,0.3636360330581518,4,40598.30244449747,162393.2097779899,2
8,1,4,0.4999993750007813,4,30733.48439972785,122933.9375989114,1
7,1,3,0.4285708163274053,3,40936.04071654999,122808.12214964998,0
19,6,7,0.36842085872586383,4,52600.558037437564,210402.23214975026,0
11,3,3,0.2727270247936138,1,54141.615618529315,54141.615618529315,1
11,0,5,0.45454504132268975,3,30657.25101221942,91971.75303665827,1
4,7,1,0.24999937500156252,6,41465.088975957275,248790.53385574365,1
8,2,1,0.12499984375019532,3,60156.666243223815,180469.99872967144,0
3,4,1,0.3333322222259259,8,30981.638764107134,247853.11011285707,1
2,2,0,0.0,4,28258.304008511725,113033.2160340469,0
12,2,2,0.16666652777789354,4,49916.04445953306,199664.17783813225,1
6,5,3,0.4999991666680556,6,47284.388104707185,283706.3286282431,1
2,0,1,0.49999750001249993,7,25445.358774018332,178117.51141812833,1
1,5,1,0.9999900000999989,5,17008.091045637328,85040.45522818663,1
12,0,3,0.24999979166684028,2,41173.34153444521,82346.68306889042,1
12,6,5,0.4166663194447338,3,31721.043532026106,95163.13059607832,2
17,6,4,0.23529397923883574,6,12738.856180573795,76433.13708344277,1
10,7,3,0.2999997000003,1,27691.96214227303,27691.96214227303,1
16,0,10,0.6249996093752441,8,47039.14722551862,376313.177804149,0
15,1,7,0.46666635555576297,3,35728.839336335084,107186.51800900526,1
15,3,5,0.3333331111112593,5,61491.560675279914,307457.80337639956,0
19,7,6,0.31578930747931183,7,6691.438843718908,46840.07190603236,0
12,7,6,0.49999958333368055,4,58069.88557230723,232279.5422892289,1
3,1,1,0.3333322222259259,4,32841.44930350717,131365.7972140287,1
5,3,2,0.39999920000160005,6,30673.679960654295,184042.07976392578,1
19,5,8,0.42105240997241583,4,14732.092450276206,58928.369801104825,1
7,3,0,0.0,3,44976.22773714139,134928.68321142416,0
9,5,2,0.22222197530891633,1,10598.570090096391,10598.570090096391,2
7,6,3,0.4285708163274053,4,50268.55466896876,201074.21867587505,0
18,2,4,0.2222220987655007,5,15299.539024373582,76497.6951218679,1
4,6,1,0.24999937500156252,4,17664.41059644634,70657.64238578537,0
14,6,8,0.5714281632655976,3,20131.78074975977,60395.34224927932,2
18,2,7,0.3888886728396262,6,27260.75048909754,163564.50293458524,1
9,3,4,0.44444395061783265,2,52131.13911649251,104262.27823298502,0
2,7,1,0.49999750001249993,3,60559.34800432481,181678.04401297442,1
15,3,5,0.3333331111112593,2,28811.096765899594,57622.19353179919,0
7,5,1,0.14285693877580175,3,37301.55348040901,111904.66044122704,1
12,1,3,0.24999979166684028,2,45348.75963608767,90697.51927217534,1
8,5,2,0.24999968750039064,7,33060.31454399142,231422.20180793997,1
15,1,5,0.3333331111112593,3,44761.36440939495,134284.09322818485,1
3,6,2,0.6666644444518518,6,37938.80792743953,227632.84756463717,0
14,2,4,0.2857140816327988,4,34198.10181865203,136792.40727460812,1
17,6,6,0.3529409688582536,5,16702.764576468537,83513.82288234268,1
4,0,1,0.24999937500156252,1,40235.64796887005,40235.64796887005,1
18,3,4,0.2222220987655007,3,52375.635569720864,157126.90670916258,2
8,1,3,0.37499953125058594,4,26325.832283895754,105303.32913558302,1
4,5,1,0.24999937500156252,2,8475.940487160058,16951.880974320116,2
2,2,0,0.0,1,33206.74036557045,33206.74036557045,1
6,1,1,0.16666638888935187,2,60646.559672112795,121293.11934422559,1
10,5,3,0.2999997000003,8,56179.24903231626,449433.99225853005,1
4,3,2,0.49999875000312505,4,29293.066913261213,117172.26765304485,1
18,6,5,0.27777762345687584,2,44832.72507484785,89665.4501496957,1
12,3,3,0.24999979166684028,1,47203.1886972585,47203.1886972585,0
2,4,1,0.49999750001249993,4,60355.07182234499,241420.28728937995,0
10,0,2,0.1999998000002,5,14741.265556992419,73706.3277849621,1
4,4,3,0.7499981250046875,1,21967.576540555332,21967.576540555332,1
14,2,5,0.35714260204099857,3,7853.669581450195,23561.008744350587,1
16,1,5,0.31249980468762206,3,27823.862024826918,83471.58607448076,0
15,2,5,0.3333331111112593,4,53994.58351203252,215978.33404813008,2
8,6,1,0.12499984375019532,0,29604.212600664785,0.0,2
14,5,5,0.35714260204099857,2,18377.166052695407,36754.332105390815,0
8,3,2,0.24999968750039064,4,41399.54626223147,165598.1850489259,0
16,4,8,0.4999996875001953,5,41785.53255181032,208927.6627590516,2
13,7,3,0.23076905325457442,2,22744.25820572998,45488.51641145996,2
18,4,6,0.33333314814825105,5,30409.311392228003,152046.55696114,1
15,6,6,0.39999973333351113,6,40258.64780968439,241551.88685810636,2
13,4,2,0.15384603550304962,3,49189.797450376835,147569.3923511305,1
9,6,3,0.3333329629633745,1,28266.913197664217,28266.913197664217,1
15,7,6,0.39999973333351113,3,26105.354799339882,78316.06439801965,1
13,2,6,0.46153810650914884,2,66688.32034147912,133376.64068295824,1
1,3,0,0.0,4,33889.60653882833,135558.42615531333,2
7,1,3,0.4285708163274053,3,41741.51456321082,125224.54368963245,1
9,5,6,0.666665925926749,1,47725.474345934446,47725.474345934446,1
1,1,1,0.9999900000999989,2,11196.709472781185,22393.41894556237,1
12,2,2,0.16666652777789354,3,37722.09557452241,113166.28672356723,1
8,5,4,0.4999993750007813,2,13314.25572989505,26628.5114597901,1
11,4,3,0.2727270247936138,4,36038.338268488966,144153.35307395586,2
19,7,11,0.5789470637120717,4,58596.85852754733,234387.43411018932,1
17,7,6,0.3529409688582536,5,23022.97509917084,115114.8754958542,1
8,0,1,0.12499984375019532,4,13003.71215378265,52014.8486151306,2
3,2,2,0.6666644444518518,5,66315.2866529989,331576.43326499447,1
3,2,1,0.3333322222259259,2,20794.142368967423,41588.284737934846,2
1,3,1,0.9999900000999989,2,15521.315041595142,31042.630083190284,1
5,1,4,0.7999984000032001,4,62285.47354085269,249141.89416341076,1
10,2,4,0.3999996000004,6,20202.951173042682,121217.70703825609,1
7,2,1,0.14285693877580175,2,62673.71314592937,125347.42629185873,2
9,4,4,0.44444395061783265,4,42111.36242255982,168445.44969023927,1
7,4,1,0.14285693877580175,2,57259.35615010156,114518.71230020311,1
9,5,1,0.11111098765445816,3,40790.99504142876,122372.98512428628,1
8,6,4,0.4999993750007813,6,54195.53547093136,325173.2128255882,1
12,6,3,0.24999979166684028,2,24223.267661288493,48446.53532257699,1
2,0,0,0.0,2,28795.958539649993,57591.91707929999,2
1,6,1,0.9999900000999989,3,6267.327933580195,18801.983800740585,2
16,3,5,0.31249980468762206,2,52576.72216636777,105153.44433273554,1
5,0,1,0.19999960000080003,2,44293.54014973025,88587.0802994605,1
3,5,2,0.6666644444518518,1,22890.13062005867,22890.13062005867,1
12,4,2,0.16666652777789354,1,11766.469275231226,11766.469275231226,0
8,6,4,0.4999993750007813,3,42227.197229377154,126681.59168813146,2
3,1,3,0.9999966666777778,7,63139.318021582854,441975.22615108,2
1,4,1,0.9999900000999989,4,35930.58616126515,143722.3446450606,2
3,7,1,0.3333322222259259,2,28123.309422174247,56246.61884434849,1
5,3,1,0.19999960000080003,3,23943.88579778048,71831.65739334145,1
15,4,4,0.2666664888890074,4,56740.23061649484,226960.92246597935,0
14,3,7,0.49999964285739795,2,26311.28263384588,52622.56526769176,1
3,3,2,0.6666644444518518,5,32432.31349973477,162161.56749867386,1
1,3,0,0.0,1,53626.023618781684,53626.023618781684,2
5,5,1,0.19999960000080003,2,47562.224072544755,95124.44814508951,2
14,3,3,0.21428556122459913,1,33006.360050199815,33006.360050199815,2
7,3,1,0.14285693877580175,2,27515.345881259822,55030.691762519644,2
9,7,4,0.44444395061783265,3,59983.67434618071,179951.02303854213,0
15,1,5,0.3333331111112593,7,21254.454873410275,148781.18411387192,1
15,0,8,0.5333329777780148,1,34845.72222308924,34845.72222308924,0
10,2,4,0.3999996000004,2,15411.852689865482,30823.705379730964,1
13,7,3,0.23076905325457442,3,55833.00766905553,167499.02300716657,1
19,0,7,0.36842085872586383,3,30876.71186175491,92630.13558526472,1
7,3,2,0.2857138775516035,4,27505.61301926516,110022.45207706065,1
17,1,6,0.3529409688582536,1,47924.93698077091,47924.93698077091,0
4,4,2,0.49999875000312505,2,16617.26943046789,33234.53886093578,0
5,1,3,0.5999988000024,3,47530.72071828261,142592.1621548478,0
7,7,4,0.571427755103207,0,32591.858118987406,0.0,0
13,3,3,0.23076905325457442,2,19920.51177829708,39841.02355659416,0
15,1,2,0.1333332444445037,5,23146.055446072718,115730.27723036359,1
11,6,5,0.45454504132268975,2,27736.99850657394,55473.99701314788,2
4,1,0,0.0,3,31339.34486804393,94018.03460413178,1
13,3,4,0.30769207100609924,3,20022.108892381795,60066.326677145385,1
7,5,0,0.0,8,42417.73984352069,339341.91874816554,1
19,6,8,0.42105240997241583,4,19629.170240664975,78516.6809626599,2
2,1,0,0.0,0,4000.0,0.0,1
10,2,4,0.3999996000004,3,66794.29443196284,200382.88329588855,2
13,2,9,0.6923071597637233,8,40968.913236484506,327751.30589187605,2
6,1,0,0.0,4,68142.37387468362,272569.49549873447,2
12,5,2,0.16666652777789354,3,22345.10974959425,67035.32924878274,0
12,4,3,0.24999979166684028,2,45196.920714319975,90393.84142863995,1
11,3,6,0.5454540495872277,4,51419.1304829489,205676.5219317956,0
7,2,1,0.14285693877580175,7,35159.80612740116,246118.64289180815,0
1,4,0,0.0,2,16333.250366319788,32666.500732639575,0
1,1,0,0.0,2,34032.78298666558,68065.56597333116,2
13,7,6,0.46153810650914884,5,47395.9539964436,236979.769982218,2
9,4,3,0.3333329629633745,5,46823.30674851048,234116.5337425524,1
3,6,2,0.6666644444518518,2,37975.57081312915,75951.1416262583,1
7,0,4,0.571427755103207,3,51459.31914757619,154377.95744272857,2
6,2,1,0.16666638888935187,2,50751.291822385305,101502.58364477061,1
8,1,4,0.4999993750007813,3,30144.985999107448,90434.95799732234,1
9,7,1,0.11111098765445816,6,15193.705177126893,91162.23106276136,1
5,3,3,0.5999988000024,5,40856.50862016183,204282.54310080915,1
1,7,1,0.9999900000999989,6,26800.4365096939,160802.6190581634,1
19,5,9,0.4736839612189678,3,40156.229013489356,120468.68704046807,1
10,6,0,0.0,6,58182.94780327848,349097.6868196709,1
12,1,3,0.24999979166684028,1,44562.380238066464,44562.380238066464,1
15,3,5,0.3333331111112593,4,57443.835638325945,229775.34255330378,1
9,5,3,0.3333329629633745,5,22827.802984751444,114139.01492375722,0
17,5,4,0.23529397923883574,6,54311.83608021038,325871.0164812623,1
17,1,5,0.29411747404854466,11,63148.968974774994,694638.658722525,0
12,6,2,0.16666652777789354,4,38964.830100620384,155859.32040248153,2
7,4,2,0.2857138775516035,3,72830.80090546534,218492.40271639603,1
2,4,1,0.49999750001249993,1,25138.53182407092,25138.53182407092,1
3,5,1,0.3333322222259259,2,28417.491953608223,56834.98390721645,2
17,4,2,0.11764698961941787,4,47749.03325642703,190996.1330257081,2
5,0,1,0.19999960000080003,5,38816.98317245283,194084.91586226414,2
17,5,2,0.11764698961941787,2,26856.390008281574,53712.78001656315,1
17,5,10,0.5882349480970893,2,47286.56114923651,94573.12229847303,0
17,3,4,0.23529397923883574,2,43333.1226999859,86666.2453999718,2
2,4,1,0.49999750001249993,2,29205.84985201627,58411.69970403254,2
2,6,2,0.9999950000249999,3,40835.77439066559,122507.32317199677,2
5,5,3,0.5999988000024,2,49385.38280946389,98770.76561892778,1
1,7,1,0.9999900000999989,3,28873.11820252232,86619.35460756696,1
1,6,1,0.9999900000999989,2,45754.937144613315,91509.87428922663,0
19,0,11,0.5789470637120717,6,24994.351587179794,149966.10952307878,1
2,3,1,0.49999750001249993,3,27892.634285377295,83677.90285613188,0
12,1,4,0.33333305555578707,4,54673.80969830416,218695.23879321665,1
6,6,2,0.33333277777870374,4,47206.19439659646,188824.77758638584,1
4,5,1,0.24999937500156252,5,9697.437378384144,48487.18689192072,1
11,0,4,0.3636360330581518,4,32386.63062436199,129546.52249744796,0
17,2,6,0.3529409688582536,1,45345.451618897394,45345.451618897394,2
6,0,1,0.16666638888935187,3,40082.984257825075,120248.95277347523,2
5,0,1,0.19999960000080003,0,47273.06367775928,0.0,1
2,3,0,0.0,1,39739.72489673445,39739.72489673445,1
6,1,1,0.16666638888935187,5,36011.03489781001,180055.17448905006,2
11,2,1,0.09090900826453795,2,35552.567962441375,71105.13592488275,0
16,4,6,0.3749997656251465,2,54367.68970391804,108735.37940783608,1
16,4,4,0.24999984375009765,3,48424.093796459354,145272.28138937807,0
1,6,1,0.9999900000999989,3,44071.15705618193,132213.4711685458,1
9,0,1,0.11111098765445816,0,39332.49648351166,0.0,1
6,7,1,0.16666638888935187,1,29767.719629296724,29767.719629296724,1
16,3,7,0.4374997265626709,6,33398.695037576916,200392.17022546148,0
3,7,1,0.3333322222259259,1,53970.066866553156,53970.066866553156,1
4,3,0,0.0,2,52557.53741804324,105115.07483608648,1
19,4,9,0.4736839612189678,6,28271.4135545685,169628.481327411,1
3,6,2,0.6666644444518518,1,39498.797715873516,39498.797715873516,1
19,6,6,0.31578930747931183,0,45477.00983921097,0.0,1
7,6,2,0.2857138775516035,4,44497.76617109995,177991.0646843998,1
9,2,7,0.7777769135812072,6,44382.24024595148,266293.44147570885,0
1,1,0,0.0,6,21318.87772434896,127913.26634609376,0
8,2,3,0.37499953125058594,3,20427.738671782845,61283.21601534853,1
7,5,4,0.571427755103207,2,55552.921150419694,111105.84230083939,1
18,5,5,0.27777762345687584,2,60635.37798337782,121270.75596675563,0
8,7,3,0.37499953125058594,2,15777.182914348148,31554.365828696296,0
1,1,0,0.0,5,37583.59795033005,187917.98975165025,1
11,4,5,0.45454504132268975,3,50210.761959999836,150632.28587999952,1
18,1,7,0.3888886728396262,3,4943.3224436038345,14829.967330811503,1
10,3,4,0.3999996000004,2,21899.93212881433,43799.86425762866,1
3,5,0,0.0,2,36617.04466809305,73234.0893361861,0
7,0,1,0.14285693877580175,6,29041.420159126763,174248.52095476058,0
16,0,5,0.31249980468762206,6,41137.15251718323,246822.9151030994,2
16,4,7,0.4374997265626709,4,60057.230415255326,240228.9216610213,1
17,3,6,0.3529409688582536,2,25208.035587301503,50416.07117460301,1
2,7,0,0.0,7,38754.09336973062,271278.6535881143,1
1,2,1,0.9999900000999989,3,32828.05815508725,98484.17446526175,1
16,3,3,0.18749988281257324,3,40045.47962109709,120136.43886329126,2
12,0,7,0.5833328472226273,4,38087.001786741406,152348.00714696562,1
5,0,0,0.0,5,77557.97298698814,387789.8649349407,1
5,7,2,0.39999920000160005,2,60343.66188271369,120687.32376542738,1
9,5,1,0.11111098765445816,3,14285.967190441525,42857.901571324575,1
9,3,5,0.5555549382722909,4,24497.978555412374,97991.9142216495,1
3,3,1,0.3333322222259259,2,26332.14112687079,52664.28225374158,1
19,0,4,0.21052620498620792,2,19485.867738082983,38971.735476165966,2
16,2,5,0.31249980468762206,3,17474.55528816298,52423.66586448894,1
16,4,4,0.24999984375009765,2,35324.50362957827,70649.00725915654,0
3,6,0,0.0,2,26904.68653982538,53809.37307965076,0
1,4,1,0.9999900000999989,2,24638.095003010527,49276.190006021054,1
11,3,4,0.3636360330581518,3,68307.10965639194,204921.3289691758,0
17,4,8,0.4705879584776715,3,27936.83568860479,83810.50706581437,1
8,0,3,0.37499953125058594,5,31352.484082801984,156762.42041400992,1
4,0,2,0.49999875000312505,2,49121.84730488923,98243.69460977845,1
6,7,1,0.16666638888935187,3,31302.072918883798,93906.21875665139,2
8,3,2,0.24999968750039064,2,20514.897343224457,41029.79468644891,1
3,7,2,0.6666644444518518,6,34130.90444222404,204785.42665334424,1
16,3,9,0.5624996484377197,4,68131.00134344155,272524.0053737662,0
3,6,0,0.0,2,30778.368646026134,61556.73729205227,1
18,6,5,0.27777762345687584,6,24323.49896255225,145940.9937753135,0
14,5,5,0.35714260204099857,2,44303.45496273532,88606.90992547064,1
18,3,11,0.611110771605127,2,33411.282685100436,66822.56537020087,0
2,2,0,0.0,1,79084.91191509567,79084.91191509567,1
3,4,1,0.3333322222259259,1,26196.545724100994,26196.545724100994,2
16,3,8,0.4999996875001953,3,64005.960803150745,192017.88240945223,0
9,1,0,0.0,1,55450.843248335674,55450.843248335674,1
4,5,0,0.0,4,32279.820453171593,129119.28181268637,1
1,1,0,0.0,3,37947.27058015405,113841.81174046214,1
4,0,3,0.7499981250046875,2,22551.802121832323,45103.604243664646,1
1,6,0,0.0,5,29923.377055654815,149616.88527827407,1
14,4,5,0.35714260204099857,2,32173.31255596498,64346.62511192996,1
16,3,5,0.31249980468762206,2,40367.80296515684,80735.60593031369,1
8,1,3,0.37499953125058594,7,16809.79811038906,117668.58677272341,1
7,4,3,0.4285708163274053,2,42672.27005504438,85344.54011008875,0
3,0,1,0.3333322222259259,4,35811.973680550276,143247.8947222011,1
17,6,6,0.3529409688582536,6,43971.61701519249,263829.70209115493,2
1,2,0,0.0,3,46209.59963366538,138628.79890099613,2
16,5,6,0.3749997656251465,2,34610.96834216323,69221.93668432646,2
12,4,4,0.33333305555578707,2,45322.966653369294,90645.93330673859,1
19,4,9,0.4736839612189678,1,36692.35757861103,36692.35757861103,1
14,2,2,0.1428570408163994,2,49152.094841420985,98304.18968284197,1
6,4,3,0.4999991666680556,7,42741.887245395854,299193.21071777097,1
6,0,3,0.4999991666680556,3,40715.622517190626,122146.86755157188,1
13,0,4,0.30769207100609924,4,36463.310357989016,145853.24143195606,1
19,2,6,0.31578930747931183,4,57437.23869425018,229748.95477700073,1
8,5,3,0.37499953125058594,7,44077.77843942534,308544.4490759774,1
2,3,0,0.0,4,18178.062905021015,72712.25162008406,1
1,1,0,0.0,2,30920.738461041787,61841.47692208357,1
15,3,2,0.1333332444445037,1,34571.227875097466,34571.227875097466,1
1,4,0,0.0,5,37983.15259541291,189915.76297706456,2
5,1,3,0.5999988000024,5,40650.610268397606,203253.05134198803,1
16,7,4,0.24999984375009765,1,23836.74928584782,23836.74928584782,1
19,2,9,0.4736839612189678,2,36980.03209377612,73960.06418755224,1
4,2,1,0.24999937500156252,1,33288.17979117695,33288.17979117695,1
3,5,2,0.6666644444518518,2,54271.163641309395,108542.32728261879,0
17,1,6,0.3529409688582536,5,23073.825360180857,115369.12680090428,1
17,0,2,0.11764698961941787,5,37739.320999877506,188696.60499938752,1
12,1,5,0.4166663194447338,1,27719.2233148931,27719.2233148931,1
14,4,2,0.1428570408163994,6,65944.9387327969,395669.6323967814,1
6,0,2,0.33333277777870374,4,56849.204039802215,227396.81615920886,0
3,6,2,0.6666644444518518,7,13364.631269141033,93552.41888398724,1
9,6,2,0.22222197530891633,3,26056.794723713934,78170.3841711418,0
5,7,1,0.19999960000080003,3,51063.84938101579,153191.54814304737,1
17,6,7,0.41176446366796254,3,44859.24572064802,134577.73716194404,1
14,2,7,0.49999964285739795,3,44388.976739694706,133166.9302190841,2
3,1,1,0.3333322222259259,7,40862.79058639385,286039.53410475695,1
1,6,0,0.0,1,52267.998276018705,52267.998276018705,1
1,3,1,0.9999900000999989,5,49714.64906596189,248573.24532980943,1
3,5,1,0.3333322222259259,5,33641.657904207495,168208.28952103748,1
18,3,7,0.3888886728396262,2,20011.122501096095,40022.24500219219,0
10,6,6,0.5999994000006,4,12649.02108210279,50596.08432841116,1
3,7,2,0.6666644444518518,3,36445.41912144349,109336.25736433046,2
8,5,4,0.4999993750007813,4,10401.475036343592,41605.90014537437,1
14,4,0,0.0,6,41764.95085513114,250589.7051307868,1
18,3,7,0.3888886728396262,6,33379.526928238854,200277.1615694331,2
15,7,7,0.46666635555576297,2,67158.66554692158,134317.33109384315,1
2,1,0,0.0,1,43146.9390873846,43146.9390873846,1
10,1,5,0.49999950000050003,3,37561.62230656522,112684.86691969566,1
2,3,0,0.0,2,13757.454204045063,27514.908408090127,1
17,6,7,0.41176446366796254,2,19065.183720259934,38130.36744051987,1
8,7,4,0.4999993750007813,9,48220.31213399403,433982.8092059463,1
1,1,1,0.9999900000999989,4,33303.550085164,133214.200340656,2
9,4,1,0.11111098765445816,3,76030.63622059251,228091.90866177753,1
11,0,4,0.3636360330581518,3,36754.23057747108,110262.69173241322,1
16,6,6,0.3749997656251465,5,40533.83420208131,202669.17101040654,1
7,7,4,0.571427755103207,6,18246.54527783108,109479.27166698647,0
10,4,3,0.2999997000003,8,52211.47348272973,417691.78786183783,1
3,7,1,0.3333322222259259,8,24114.18668876335,192913.4935101068,1
18,5,8,0.4444441975310014,8,45866.18122866031,366929.4498292825,1
13,4,4,0.30769207100609924,3,50176.899712559425,150530.69913767828,1
7,6,3,0.4285708163274053,3,39427.8988860204,118283.69665806119,1
4,5,2,0.49999875000312505,3,64354.564034559546,193063.69210367865,2
13,6,7,0.5384611242606736,2,28839.453925246253,57678.907850492506,1
1,1,0,0.0,3,63133.10319682322,189399.30959046967,0
8,0,3,0.37499953125058594,4,18935.809721001468,75743.23888400587,2
14,6,3,0.21428556122459913,3,49985.42737819454,149956.28213458363,1
16,6,3,0.18749988281257324,2,35863.797780628156,71727.59556125631,2
14,1,3,0.21428556122459913,3,27378.011133300977,82134.03339990292,1
12,2,3,0.24999979166684028,3,13080.818769019757,39242.45630705927,1
19,1,7,0.36842085872586383,0,34089.96284124781,0.0,2
15,5,6,0.39999973333351113,3,33142.773797289425,99428.32139186827,1
2,1,1,0.49999750001249993,3,40593.593344316876,121780.78003295063,2
2,1,1,0.49999750001249993,2,48872.22464466109,97744.44928932218,2
19,0,12,0.6315786149586237,3,25873.007403419822,77619.02221025947,2
17,1,8,0.4705879584776715,4,64374.015217559,257496.060870236,1
10,7,4,0.3999996000004,8,29921.979315415727,239375.83452332582,1
6,6,2,0.33333277777870374,2,47032.909685410996,94065.81937082199,1
15,7,5,0.3333331111112593,1,39352.51074894925,39352.51074894925,2
11,0,2,0.1818180165290759,5,35019.35429516627,175096.77147583134,1
5,3,1,0.19999960000080003,3,38600.85773397548,115802.57320192643,1
1,2,1,0.9999900000999989,2,23895.687227440936,47791.37445488187,1
8,7,4,0.4999993750007813,5,32186.50801141353,160932.54005706764,1
12,0,3,0.24999979166684028,5,17903.671200557757,89518.35600278879,0
12,5,4,0.33333305555578707,0,29760.944958195952,0.0,1
5,3,3,0.5999988000024,3,30999.99609473092,92999.98828419276,2
7,0,1,0.14285693877580175,7,50678.32044157015,354748.24309099105,0
4,0,1,0.24999937500156252,4,33021.122099794164,132084.48839917665,2
6,2,3,0.4999991666680556,4,31278.775643939414,125115.10257575766,1
13,6,4,0.30769207100609924,3,41300.602499810586,123901.80749943176,1
15,7,3,0.19999986666675557,6,40712.789139838445,244276.73483903066,1
3,5,1,0.3333322222259259,2,29134.389930275676,58268.77986055135,1
8,4,4,0.4999993750007813,6,43913.42588778197,263480.5553266918,1
16,7,6,0.3749997656251465,2,35320.29203482918,70640.58406965836,1
13,4,3,0.23076905325457442,4,29110.050490174905,116440.20196069962,1
18,0,6,0.33333314814825105,1,30567.817535915092,30567.817535915092,1
10,1,3,0.2999997000003,5,52240.26034027915,261201.30170139574,0
19,5,7,0.36842085872586383,2,31018.580101106632,62037.160202213265,1
17,3,7,0.41176446366796254,2,41916.880047592145,83833.76009518429,1
19,1,4,0.21052620498620792,2,18763.996034293046,37527.99206858609,1
5,1,3,0.5999988000024,3,54729.5749758839,164188.7249276517,0
9,7,0,0.0,6,29255.085887622634,175530.5153257358,2
12,5,4,0.33333305555578707,2,44004.34245115831,88008.68490231661,1
1,6,0,0.0,6,34226.478079953544,205358.86847972125,1
1,0,0,0.0,2,43832.51236688688,87665.02473377375,1
15,0,5,0.3333331111112593,3,44651.603305470395,133954.80991641118,1
2,0,1,0.49999750001249993,5,35830.05109684843,179150.25548424217,1
16,0,4,0.24999984375009765,2,10010.531775585958,20021.063551171916,1
8,7,3,0.37499953125058594,6,54365.22664112361,326191.35984674166,1
13,4,2,0.15384603550304962,5,35901.46006548747,179507.30032743735,1
1,0,1,0.9999900000999989,5,43520.09010761099,217600.45053805492,1
16,4,9,0.5624996484377197,6,48375.78034862403,290254.68209174415,1
7,4,2,0.2857138775516035,5,31142.387792854563,155711.93896427282,1
5,6,2,0.39999920000160005,2,45757.03184906693,91514.06369813386,2
3,0,1,0.3333322222259259,2,26785.96858813639,53571.93717627278,1
12,2,1,0.08333326388894677,2,43813.14284717822,87626.28569435644,2
16,3,5,0.31249980468762206,1,38295.541452168065,38295.541452168065,0
19,1,8,0.42105240997241583,2,31662.57284749315,63325.1456949863,1
5,4,2,0.39999920000160005,6,38704.882554694974,232229.29532816983,1
14,5,3,0.21428556122459913,3,22172.09789905772,66516.29369717315,1
5,5,3,0.5999988000024,4,42635.598915108465,170542.39566043386,1
15,3,5,0.3333331111112593,4,44192.33118534228,176769.3247413691,1
17,5,8,0.4705879584776715,4,43184.602098561714,172738.40839424686,0
14,2,5,0.35714260204099857,5,60532.56241311474,302662.8120655737,1
5,5,2,0.39999920000160005,3,36575.39428842476,109726.18286527428,0
12,1,2,0.16666652777789354,6,37608.15991808143,225648.9595084886,1
16,1,4,0.24999984375009765,2,20445.958983174514,40891.91796634903,0
16,4,9,0.5624996484377197,4,61587.04237314357,246348.1694925743,0
7,0,1,0.14285693877580175,5,15527.849072982403,77639.24536491201,0
4,6,3,0.7499981250046875,6,41428.454100498166,248570.72460298898,1
1,2,0,0.0,2,28778.283894371227,57556.56778874245,2
5,4,1,0.19999960000080003,4,38934.74919011959,155738.99676047836,2
10,2,2,0.1999998000002,3,18379.110918101123,55137.33275430337,0
5,0,1,0.19999960000080003,6,51374.95204656318,308249.7122793791,1
4,7,3,0.7499981250046875,2,23672.306025506903,47344.612051013806,1
2,5,0,0.0,3,55493.796696492296,166481.3900894769,1
10,5,3,0.2999997000003,2,24085.843222155647,48171.68644431129,1
19,6,6,0.31578930747931183,4,52628.18628656608,210512.74514626432,1
1,0,0,0.0,2,25535.526854164782,51071.053708329564,1
5,4,2,0.39999920000160005,4,28780.854331022387,115123.41732408955,1
13,6,3,0.23076905325457442,6,37972.3086745382,227833.85204722921,0
4,0,2,0.49999875000312505,5,25281.099447743265,126405.49723871633,1
16,3,5,0.31249980468762206,6,24839.363231299383,149036.1793877963,1
16,1,5,0.31249980468762206,1,25454.880455021674,25454.880455021674,1
2,6,1,0.49999750001249993,3,42782.83376908911,128348.50130726735,1
17,6,6,0.3529409688582536,5,37993.259019766076,189966.29509883036,1
12,4,9,0.7499993750005208,5,38789.46841840468,193947.3420920234,2
18,2,6,0.33333314814825105,0,33130.50718458685,0.0,1
3,3,0,0.0,1,46230.49849791003,46230.49849791003,1
1,4,0,0.0,1,53750.870466809334,53750.870466809334,1
1,0,0,0.0,2,46634.2559630184,93268.5119260368,1
19,0,3,0.15789465373965592,3,34865.42673126006,104596.28019378017,0
11,0,7,0.6363630578517656,5,19688.223744885123,98441.11872442561,1
5,7,3,0.5999988000024,1,8343.78950473883,8343.78950473883,1
12,0,8,0.6666661111115741,4,37027.02724440358,148108.10897761432,1
3,2,1,0.3333322222259259,3,8102.128806626713,24306.38641988014,2
1,3,0,0.0,8,35010.41999996641,280083.3599997313,1
1,5,0,0.0,2,59039.34798209857,118078.69596419713,0
8,1,2,0.24999968750039064,5,20697.949240531867,103489.74620265933,0
10,2,5,0.49999950000050003,6,18708.395779791335,112250.37467874802,0
11,2,3,0.2727270247936138,1,47554.01344121334,47554.01344121334,1
12,7,6,0.49999958333368055,4,4000.0,16000.0,1
13,5,5,0.38461508875762407,5,43727.12210593175,218635.61052965873,2
12,5,3,0.24999979166684028,4,60027.6391359124,240110.5565436496,1
14,1,5,0.35714260204099857,6,24912.726359074848,149476.3581544491,2
2,1,1,0.49999750001249993,2,22336.403793231748,44672.807586463496,1
19,5,5,0.2631577562327599,1,46850.34946399295,46850.34946399295,2
18,0,8,0.4444441975310014,2,20438.84333860668,40877.68667721336,1
3,2,1,0.3333322222259259,2,50162.28085601691,100324.56171203381,1
17,4,4,0.23529397923883574,4,21660.351076267005,86641.40430506802,1
8,1,3,0.37499953125058594,1,64526.03503001628,64526.03503001628,1
10,7,9,0.8999991000009,1,47934.58468592344,47934.58468592344,1
2,7,0,0.0,5,38570.65715284699,192853.28576423493,0
19,1,9,0.4736839612189678,2,63661.32414638532,127322.64829277064,0
9,5,2,0.22222197530891633,2,53473.15561777553,106946.31123555105,1
7,3,3,0.4285708163274053,4,43529.25165414966,174117.00661659864,1
4,4,2,0.49999875000312505,4,10051.700993922776,40206.8039756911,0
18,4,5,0.27777762345687584,2,27477.5893839592,54955.1787679184,1
13,1,4,0.30769207100609924,3,54281.1438330576,162843.4314991728,1
11,0,5,0.45454504132268975,5,18498.10935188599,92490.54675942994,1
4,3,1,0.24999937500156252,2,26514.150900459426,53028.30180091885,1
4,4,2,0.49999875000312505,1,22668.53318740083,22668.53318740083,0
10,1,2,0.1999998000002,3,44035.35239481864,132106.05718445592,0
5,7,3,0.5999988000024,2,52454.17716294321,104908.35432588642,0
9,4,4,0.44444395061783265,7,52468.98377886856,367282.8864520799,2
3,6,2,0.6666644444518518,3,25207.709058916043,75623.12717674812,1
17,3,4,0.23529397923883574,5,43829.87783553021,219149.38917765106,1
3,3,1,0.3333322222259259,4,24501.760744314557,98007.04297725823,1
16,6,6,0.3749997656251465,2,34841.7725039295,69683.545007859,2
4,2,1,0.24999937500156252,2,45802.52148419025,91605.0429683805,1
18,7,6,0.33333314814825105,4,53920.630049437765,215682.52019775106,0
17,6,3,0.1764704844291268,4,5759.045095082655,23036.18038033062,0
7,5,3,0.4285708163274053,4,39479.52037112749,157918.08148450995,1
5,5,2,0.39999920000160005,2,59109.39955294913,118218.79910589826,1
12,1,2,0.16666652777789354,0,41483.29144513051,0.0,0
17,3,7,0.41176446366796254,2,39239.19909189969,78478.39818379938,1
13,2,4,0.30769207100609924,4,29554.89272779447,118219.57091117789,2
3,2,0,0.0,7,58711.2945167942,410979.0616175594,1
9,4,6,0.666665925926749,1,30248.238571830905,30248.238571830905,0
17,4,9,0.5294114532873805,4,36497.75914326008,145991.03657304033,0
17,6,6,0.3529409688582536,1,30946.802322024065,30946.802322024065,0
16,2,3,0.18749988281257324,3,39622.932627724455,118868.79788317336,2
13,6,6,0.46153810650914884,3,59384.77998572294,178154.33995716882,2
19,7,7,0.36842085872586383,3,24408.402041350055,73225.20612405016,2
17,6,5,0.29411747404854466,2,39688.29896377799,79376.59792755598,2
4,4,1,0.24999937500156252,3,43865.96750323713,131597.9025097114,1
12,3,4,0.33333305555578707,5,25815.017975459792,129075.08987729896,1
9,6,3,0.3333329629633745,1,37114.7621583392,37114.7621583392,1
19,0,6,0.31578930747931183,5,65770.10179236619,328850.5089618309,1
12,3,5,0.4166663194447338,4,11472.660081680726,45890.6403267229,2
9,2,5,0.5555549382722909,2,31681.988927638973,63363.977855277946,1
7,2,2,0.2857138775516035,4,41758.39260395138,167033.57041580553,1
14,6,6,0.42857112244919826,4,32360.855460016166,129443.42184006466,2
19,3,9,0.4736839612189678,3,81293.71205846168,243881.13617538504,0
15,4,5,0.3333331111112593,5,46230.36104721939,231151.80523609696,2
16,4,5,0.31249980468762206,5,22334.462557107865,111672.31278553932,0
5,5,2,0.39999920000160005,5,4000.0,20000.0,1
3,2,1,0.3333322222259259,3,43104.137941277804,129312.41382383341,1
12,1,6,0.49999958333368055,3,26665.713142886914,79997.13942866074,1
4,5,1,0.24999937500156252,5,57333.4775941798,286667.387970899,1
16,4,11,0.6874995703127685,1,33877.01655634424,33877.01655634424,1
7,3,1,0.14285693877580175,7,29474.725389957046,206323.07772969932,2
13,7,0,0.0,8,29221.292642825232,233770.34114260186,1
10,4,4,0.3999996000004,1,52797.637607439174,52797.637607439174,1
7,3,2,0.2857138775516035,2,44233.74559750946,88467.49119501893,0
14,5,4,0.2857140816327988,7,64339.350856863166,450375.45599804213,2
5,2,1,0.19999960000080003,3,34773.39325695217,104320.17977085651,0
3,4,0,0.0,3,50934.19118079549,152802.57354238647,1
11,6,1,0.09090900826453795,1,51190.641266174694,51190.641266174694,0
11,3,7,0.6363630578517656,6,48107.20179595339,288643.21077572036,1
18,2,5,0.27777762345687584,6,30352.13271430037,182112.7962858022,2
15,7,6,0.39999973333351113,2,45101.120450686816,90202.24090137363,1
12,7,5,0.4166663194447338,5,36541.36339903998,182706.81699519992,1
9,1,5,0.5555549382722909,6,36147.25593362686,216883.53560176116,2
10,3,1,0.0999999000001,4,25912.845624721012,103651.38249888405,1
12,5,6,0.49999958333368055,2,6194.918881539151,12389.837763078302,1
17,1,6,0.3529409688582536,4,56725.645462972774,226902.5818518911,1
6,1,2,0.33333277777870374,6,44473.37553928971,266840.25323573826,1
7,0,3,0.4285708163274053,1,17852.026704846106,17852.026704846106,1
14,4,7,0.49999964285739795,4,48765.65690821972,195062.62763287887,2
13,3,4,0.30769207100609924,1,57022.03239485363,57022.03239485363,1
8,1,4,0.4999993750007813,1,49665.01170074243,49665.01170074243,1
10,0,4,0.3999996000004,5,24625.42731750604,123127.1365875302,0
9,5,4,0.44444395061783265,7,27020.121611963034,189140.85128374124,1
18,2,11,0.611110771605127,0,29781.85977728828,0.0,0
2,6,0,0.0,4,50916.27209305717,203665.08837222867,1
5,6,4,0.7999984000032001,4,45184.39788752014,180737.59155008057,1
5,3,0,0.0,4,79854.37432322279,319417.49729289114,1
6,1,0,0.0,2,13386.724074231759,26773.448148463518,0
19,6,3,0.15789465373965592,5,37211.024951470026,186055.12475735013,1
8,4,2,0.24999968750039064,5,9083.67110985202,45418.3555492601,0
16,6,6,0.3749997656251465,2,46949.718571017715,93899.43714203543,1
13,6,2,0.15384603550304962,2,54003.41927970885,108006.8385594177,1
1,6,0,0.0,1,59631.59175152215,59631.59175152215,1
17,7,9,0.5294114532873805,1,40827.831392971835,40827.831392971835,1
7,0,4,0.571427755103207,3,9300.359436084056,27901.078308252167,0
13,1,6,0.46153810650914884,2,37247.771437906275,74495.54287581255,1
4,4,3,0.7499981250046875,3,44551.84841036538,133655.54523109616,1
4,1,2,0.49999875000312505,5,22922.806179737796,114614.03089868897,1
6,7,1,0.16666638888935187,2,34025.320047163375,68050.64009432675,1
19,3,6,0.31578930747931183,2,18844.255481059296,37688.51096211859,1
12,3,5,0.4166663194447338,6,28809.43205963207,172856.59235779243,0
7,3,2,0.2857138775516035,0,51686.99854104969,0.0,2
10,5,4,0.3999996000004,2,48202.44420186937,96404.88840373875,1
19,6,3,0.15789465373965592,4,17071.70735845338,68286.82943381352,0
7,5,2,0.2857138775516035,5,27425.222785429018,137126.11392714508,1
3,0,1,0.3333322222259259,3,38856.37977163611,116569.13931490833,0
13,3,5,0.38461508875762407,2,41397.864778218085,82795.72955643617,2
13,7,5,0.38461508875762407,2,28056.563651810833,56113.127303621666,1
18,4,7,0.3888886728396262,4,45146.861799823884,180587.44719929554,0
8,1,0,0.0,4,37470.76669227856,149883.06676911423,0
9,6,1,0.11111098765445816,1,4000.0,4000.0,0
7,2,4,0.571427755103207,5,29424.9450908495,147124.7254542475,1
1,4,1,0.9999900000999989,1,28996.61404834144,28996.61404834144,1
3,6,0,0.0,4,48174.10550584614,192696.42202338457,0
13,5,6,0.46153810650914884,2,48440.88855767072,96881.77711534144,1
17,5,5,0.29411747404854466,5,12918.4584360818,64592.292180409,1
1,4,0,0.0,2,44577.07635494851,89154.15270989703,1
6,5,1,0.16666638888935187,7,36890.54231898962,258233.79623292733,1
6,3,3,0.4999991666680556,3,39896.366121871055,119689.09836561317,1
12,0,5,0.4166663194447338,3,28792.594719594046,86377.78415878213,1
13,1,3,0.23076905325457442,4,37072.551158484785,148290.20463393914,2
13,0,6,0.46153810650914884,3,55254.90233867509,165764.70701602526,2
15,6,5,0.3333331111112593,5,39682.78638637137,198413.93193185685,1
16,1,5,0.31249980468762206,4,37363.599415731594,149454.39766292638,1
11,7,2,0.1818180165290759,3,30811.949387056757,92435.84816117027,2
5,1,1,0.19999960000080003,2,53783.839006159455,107567.67801231891,0
4,0,0,0.0,2,18788.182749991847,37576.365499983694,0
3,4,1,0.3333322222259259,1,25970.45597325623,25970.45597325623,0
19,1,9,0.4736839612189678,3,17926.829273219188,53780.48781965756,1
18,7,6,0.33333314814825105,2,41010.27762575248,82020.55525150496,1
15,7,4,0.2666664888890074,3,55696.21409623166,167088.64228869497,1
9,7,1,0.11111098765445816,3,33068.06873645828,99204.20620937482,1
17,0,4,0.23529397923883574,3,21958.91697837709,65876.75093513126,1
14,1,4,0.2857140816327988,5,62546.69725557456,312733.4862778728,0
15,2,7,0.46666635555576297,3,44769.245999725994,134307.73799917797,1
1,4,0,0.0,1,42162.86215451418,42162.86215451418,0
3,3,2,0.6666644444518518,5,35147.14036740497,175735.70183702486,0
16,1,8,0.4999996875001953,5,48035.21257786222,240176.0628893111,2
11,7,4,0.3636360330581518,5,41927.833464180054,209639.16732090028,2
12,2,6,0.49999958333368055,2,30780.973574309282,61561.947148618565,2
10,3,4,0.3999996000004,0,33292.96059780709,0.0,1
16,3,6,0.3749997656251465,6,22701.697984804498,136210.18790882698,1
8,6,3,0.37499953125058594,1,20831.52218708754,20831.52218708754,1
6,1,2,0.33333277777870374,3,33550.21707354751,100650.65122064253,1
12,0,3,0.24999979166684028,4,55313.22338437211,221252.89353748845,1
8,1,2,0.24999968750039064,3,22487.55181757987,67462.65545273962,1
4,2,1,0.24999937500156252,4,50545.55043886115,202182.2017554446,1
8,3,3,0.37499953125058594,2,26015.97719514801,52031.95439029602,1
18,1,4,0.2222220987655007,1,11200.953909534517,11200.953909534517,1
5,0,3,0.5999988000024,3,46198.99637883614,138596.98913650843,1
9,6,4,0.44444395061783265,3,62431.521313621735,187294.56394086522,1
4,1,1,0.24999937500156252,3,25163.97379597958,75491.92138793874,1
17,4,4,0.23529397923883574,4,14451.936366497599,57807.745465990396,2
9,6,5,0.5555549382722909,5,44823.72126620033,224118.60633100165,1
1,0,1,0.9999900000999989,1,24152.38706792007,24152.38706792007,1
13,2,6,0.46153810650914884,6,46049.69867706393,276298.1920623836,0
16,3,4,0.24999984375009765,4,55272.19391305763,221088.7756522305,2
13,1,4,0.30769207100609924,3,42959.26243404403,128877.78730213208,1
14,0,3,0.21428556122459913,4,50146.524625182064,200586.09850072826,1
3,6,0,0.0,3,50249.18230452051,150747.54691356153,2
6,4,3,0.4999991666680556,6,52849.20068267945,317095.2040960767,1
18,0,7,0.3888886728396262,0,38678.16151336221,0.0,0
19,5,7,0.36842085872586383,4,49686.14641090481,198744.58564361924,0
5,7,3,0.5999988000024,1,40466.026192344674,40466.026192344674,1
15,4,6,0.39999973333351113,5,43869.80257902839,219349.01289514193,1
2,6,1,0.49999750001249993,5,83775.66979877939,418878.348993897,1
10,2,3,0.2999997000003,2,41624.00785378499,83248.01570756998,0
18,3,10,0.5555552469137517,3,15533.60100794951,46600.80302384853,0
13,6,2,0.15384603550304962,3,35038.71233723538,105116.13701170615,1
5,7,3,0.5999988000024,5,33342.1136653659,166710.5683268295,0
1,2,1,0.9999900000999989,2,34028.095973680785,68056.19194736157,0
1,1,0,0.0,9,52301.636393794484,470714.7275441504,1
18,0,7,0.3888886728396262,3,54958.87096496044,164876.61289488134,1
15,5,7,0.46666635555576297,3,36415.47135953904,109246.41407861712,1
17,4,6,0.3529409688582536,3,17121.884772216174,51365.65431664852,1
11,4,6,0.5454540495872277,2,39486.433627746614,78972.86725549323,1
17,0,9,0.5294114532873805,3,29849.168868564993,89547.50660569497,1
13,5,4,0.30769207100609924,6,41156.07070956979,246936.42425741872,2
1,0,0,0.0,5,36185.571617151334,180927.85808575666,0
2,1,2,0.9999950000249999,3,56245.36427601629,168736.09282804886,1
9,7,4,0.44444395061783265,1,42122.12069695847,42122.12069695847,1
3,2,0,0.0,3,29897.12533667757,89691.37601003272,0
1,6,0,0.0,3,17217.016289242292,51651.04886772687,1
16,4,6,0.3749997656251465,1,37279.78754152415,37279.78754152415,1
6,1,4,0.6666655555574075,2,37333.43969080671,74666.87938161341,1
17,2,8,0.4705879584776715,5,34063.088769445014,170315.44384722508,1
5,1,2,0.39999920000160005,4,49629.85627105348,198519.42508421393,1
5,5,1,0.19999960000080003,4,17258.322634436332,69033.29053774533,1
6,4,1,0.16666638888935187,5,26561.83904690631,132809.19523453154,1
3,6,2,0.6666644444518518,2,38793.76399229202,77587.52798458404,1
5,0,1,0.19999960000080003,4,29607.376715675386,118429.50686270154,1
5,0,1,0.19999960000080003,6,32649.361427353797,195896.16856412278,0
10,2,2,0.1999998000002,2,37096.22948203739,74192.45896407479,1
10,6,4,0.3999996000004,3,48289.474001204406,144868.4220036132,2
19,7,10,0.5263155124655198,3,36491.39519675408,109474.18559026223,0
17,3,5,0.29411747404854466,3,8454.733154722759,25364.199464168276,1
14,5,5,0.35714260204099857,1,28958.0448647343,28958.0448647343,1
9,2,4,0.44444395061783265,6,45436.76412950119,272620.58477700717,1
14,3,11,0.7857137244901968,2,49440.10458149832,98880.20916299665,0
1,1,0,0.0,2,50267.86817264157,100535.73634528313,1
19,5,7,0.36842085872586383,1,54517.665049430936,54517.665049430936,1
13,1,4,0.30769207100609924,2,39776.55915634983,79553.11831269966,2
13,7,6,0.46153810650914884,3,41947.4747130447,125842.42413913409,0
4,6,1,0.24999937500156252,2,22791.37180610627,45582.74361221254,2
1,4,0,0.0,6,5381.370308231833,32288.221849391,1
17,5,7,0.41176446366796254,6,16736.261246331524,100417.56747798914,1
8,3,4,0.4999993750007813,3,27472.436724643423,82417.31017393027,1
2,7,0,0.0,5,17604.431730037842,88022.15865018922,1
8,4,4,0.4999993750007813,2,33606.095899097854,67212.19179819571,1
7,0,1,0.14285693877580175,3,31068.67609038116,93206.02827114347,1
2,3,1,0.49999750001249993,3,52067.40520853086,156202.21562559257,2
3,2,1,0.3333322222259259,4,23462.952683181982,93851.81073272793,2
18,0,7,0.3888886728396262,4,40108.72875775931,160434.91503103724,1
12,7,4,0.33333305555578707,1,31703.484598747393,31703.484598747393,0
1,0,1,0.9999900000999989,3,22901.321505096974,68703.96451529092,1
12,2,5,0.4166663194447338,2,27084.32819047856,54168.65638095712,1
5,5,2,0.39999920000160005,2,7231.104423796328,14462.208847592656,0
17,0,8,0.4705879584776715,5,49225.2024034045,246126.01201702253,2
16,6,7,0.4374997265626709,3,59033.91880622037,177101.7564186611,0
15,3,2,0.1333332444445037,11,33988.00824438324,373868.0906882157,1
15,4,5,0.3333331111112593,2,38435.93131091467,76871.86262182934,1
5,0,3,0.5999988000024,2,33562.132393912114,67124.26478782423,1
14,3,3,0.21428556122459913,2,25698.630777049042,51397.261554098084,1
2,1,1,0.49999750001249993,7,48573.54290316315,340014.8003221421,1
11,3,7,0.6363630578517656,2,42786.02487727422,85572.04975454844,2
19,4,3,0.15789465373965592,1,4000.0,4000.0,1
7,3,3,0.4285708163274053,3,22480.83878886326,67442.51636658979,1
6,2,2,0.33333277777870374,0,7204.0812565396045,0.0,1
2,7,1,0.49999750001249993,6,61331.21518082874,367987.29108497244,2
6,4,1,0.16666638888935187,3,35422.56841331391,106267.70523994172,2
18,7,3,0.16666657407412552,3,41610.52342544419,124831.57027633257,1
2,5,1,0.49999750001249993,2,32700.572973796647,65401.14594759329,1
18,7,8,0.4444441975310014,4,54540.4508943513,218161.8035774052,2
15,1,7,0.46666635555576297,4,50910.57758891651,203642.31035566604,0
19,2,7,0.36842085872586383,4,34767.81225469227,139071.24901876907,1
2,5,0,0.0,4,63769.89583512838,255079.58334051352,1
6,3,3,0.4999991666680556,5,40779.772133493105,203898.86066746552,1
1,4,0,0.0,0,16098.123872917675,0.0,2
15,1,8,0.5333329777780148,3,39500.2810627034,118500.84318811019,1
10,2,5,0.49999950000050003,6,45761.60986589429,274569.65919536573,0
19,5,8,0.42105240997241583,5,36001.628711775884,180008.1435588794,1
17,5,9,0.5294114532873805,5,31827.754321355565,159138.77160677782,1
5,1,0,0.0,3,64465.419743449536,193396.2592303486,1
4,6,2,0.49999875000312505,1,20212.063119270075,20212.063119270075,1
10,3,3,0.2999997000003,8,4000.0,32000.0,0
17,1,9,0.5294114532873805,4,62285.81046394767,249143.2418557907,1
10,5,3,0.2999997000003,7,19609.289058655286,137265.023410587,2
17,0,7,0.41176446366796254,3,33700.72942252679,101102.18826758038,2
5,2,3,0.5999988000024,3,32338.517674066254,97015.55302219876,2
2,1,0,0.0,2,56476.2273604778,112952.4547209556,1
6,6,2,0.33333277777870374,6,59522.84569440302,357137.0741664181,0
2,5,1,0.49999750001249993,2,18614.36818842211,37228.73637684422,2
13,3,4,0.30769207100609924,2,58353.644422781006,116707.28884556201,1
11,7,3,0.2727270247936138,4,58076.154743242725,232304.6189729709,1
11,5,3,0.2727270247936138,2,38290.32411387455,76580.6482277491,1
16,3,3,0.18749988281257324,6,51988.138329797875,311928.8299787872,2
11,1,6,0.5454540495872277,2,53492.44930917134,106984.89861834268,1
19,3,7,0.36842085872586383,5,34213.58223161151,171067.91115805754,0
15,4,3,0.19999986666675557,1,35636.501636745175,35636.501636745175,1
16,4,5,0.31249980468762206,2,46839.92070611633,93679.84141223266,0
11,4,3,0.2727270247936138,8,13572.125500462835,108577.00400370268,2
16,6,4,0.24999984375009765,5,32692.900002281167,163464.50001140585,1
8,6,3,0.37499953125058594,7,19994.618805449772,139962.3316381484,1
4,0,1,0.24999937500156252,5,59353.6730449853,296768.3652249265,2
8,6,2,0.24999968750039064,3,32516.26063246509,97548.78189739527,1
4,7,2,0.49999875000312505,1,42145.605846400285,42145.605846400285,1
3,1,0,0.0,3,34723.82096041235,104171.46288123704,1
3,5,1,0.3333322222259259,3,33747.7387181265,101243.21615437951,1
18,5,7,0.3888886728396262,4,41164.49431379931,164657.97725519724,2
19,0,7,0.36842085872586383,3,27040.345027967986,81121.03508390396,1
19,6,7,0.36842085872586383,4,35022.76472798641,140091.05891194564,2
5,7,2,0.39999920000160005,4,34912.35504147368,139649.42016589473,0
18,3,9,0.49999972222237654,9,31651.770501975632,284865.93451778067,1
10,0,4,0.3999996000004,3,43865.85361617871,131597.56084853614,0
6,7,2,0.33333277777870374,4,31295.06101978278,125180.24407913112,1
1,3,1,0.9999900000999989,2,62166.724736179356,124333.44947235871,0
5,7,2,0.39999920000160005,7,47434.461620607915,332041.2313442554,0
9,3,2,0.22222197530891633,4,17760.349178878947,71041.39671551579,1
12,2,3,0.24999979166684028,1,46263.169160579324,46263.169160579324,1
14,7,3,0.21428556122459913,2,27657.80453738154,55315.60907476308,1
2,5,2,0.9999950000249999,5,40035.352631081805,200176.76315540902,1
17,4,7,0.41176446366796254,2,27032.068390589768,54064.136781179535,1
14,6,8,0.5714281632655976,5,5083.941689357341,25419.708446786703,1
13,3,5,0.38461508875762407,4,37673.99760607409,150695.99042429635,2
9,2,3,0.3333329629633745,7,16483.763617280605,115386.34532096423,1
15,7,2,0.1333332444445037,3,44295.73083096987,132887.1924929096,1
15,5,6,0.39999973333351113,4,40621.77238709781,162487.08954839123,1
11,4,4,0.3636360330581518,1,28941.73184089129,28941.73184089129,0
16,3,10,0.6249996093752441,6,65383.055570359815,392298.3334221589,2
17,7,5,0.29411747404854466,5,19410.687990434297,97053.43995217148,0
4,7,1,0.24999937500156252,2,28634.935231157506,57269.87046231501,2
1,3,1,0.9999900000999989,5,21189.62626424378,105948.1313212189,1
8,0,3,0.37499953125058594,6,68619.74048388831,411718.44290332985,2
17,0,6,0.3529409688582536,1,58283.662124691175,58283.662124691175,1
3,5,2,0.6666644444518518,6,16668.172035043535,100009.03221026121,1
15,4,4,0.2666664888890074,3,25616.28437519614,76848.85312558842,1
15,3,6,0.39999973333351113,4,26125.120123173532,104500.48049269413,1
14,5,5,0.35714260204099857,3,29739.094733557165,89217.2842006715,1
14,5,7,0.49999964285739795,4,22358.29019250028,89433.16077000112,1
2,1,1,0.49999750001249993,3,28913.734444830676,86741.20333449202,1
13,7,4,0.30769207100609924,2,53073.08403589997,106146.16807179994,1
14,6,4,0.2857140816327988,4,67203.68504118481,268814.74016473925,1
19,7,11,0.5789470637120717,2,14834.027316838652,29668.054633677304,2
7,0,2,0.2857138775516035,4,22383.393150991807,89533.57260396723,1
3,4,2,0.6666644444518518,5,41203.3916657035,206016.9583285175,1
15,7,3,0.19999986666675557,3,14295.415405759237,42886.24621727771,2
14,3,6,0.42857112244919826,4,41591.48032086838,166365.92128347352,1
11,5,5,0.45454504132268975,4,46101.54180694594,184406.16722778376,1
15,3,8,0.5333329777780148,4,48509.788250404614,194039.15300161846,1
13,1,4,0.30769207100609924,2,45682.16789744354,91364.33579488708,2
18,4,7,0.3888886728396262,0,29971.271792653974,0.0,1
6,5,2,0.33333277777870374,4,35274.95657799943,141099.82631199772,1
3,3,0,0.0,2,20307.086207850567,40614.172415701134,1
19,0,8,0.42105240997241583,3,44965.07981956439,134895.23945869316,0
15,6,6,0.39999973333351113,0,62050.404007026824,0.0,0
5,1,3,0.5999988000024,2,44933.01348601084,89866.02697202167,1
10,4,3,0.2999997000003,5,27574.988962594198,137874.944812971,1
7,1,1,0.14285693877580175,2,52921.87779048838,105843.75558097677,2
17,0,3,0.1764704844291268,3,73484.70042168404,220454.10126505213,1
7,4,2,0.2857138775516035,0,41647.246574204226,0.0,1
12,1,3,0.24999979166684028,4,46317.092657820016,185268.37063128006,0
17,2,7,0.41176446366796254,5,48165.516410990655,240827.58205495327,1
13,0,4,0.30769207100609924,7,13933.141012223938,97531.98708556757,1
4,0,3,0.7499981250046875,4,31833.167409720725,127332.6696388829,1
10,0,6,0.5999994000006,3,30292.00367704291,90876.01103112873,0
3,2,1,0.3333322222259259,2,50522.99973343922,101045.99946687843,1
9,2,5,0.5555549382722909,5,48775.539618411225,243877.69809205612,2
13,3,6,0.46153810650914884,3,36188.94885900578,108566.84657701734,1
18,5,6,0.33333314814825105,3,29391.82911486927,88175.48734460781,1
15,6,4,0.2666664888890074,2,12701.060604398248,25402.121208796496,1
4,1,1,0.24999937500156252,4,37768.81207087607,151075.24828350428,1
15,3,5,0.3333331111112593,6,23681.47827831748,142088.86966990487,0
2,1,1,0.49999750001249993,2,21822.479906328314,43644.95981265663,2
15,6,5,0.3333331111112593,3,51894.0314618388,155682.0943855164,1
8,5,5,0.6249992187509766,3,50328.796925701754,150986.39077710526,1
8,2,3,0.37499953125058594,6,30671.0876285075,184026.525771045,0
17,5,4,0.23529397923883574,1,14464.33578038549,14464.33578038549,1
12,2,9,0.7499993750005208,3,25612.826296344403,76838.47888903321,0
19,6,7,0.36842085872586383,8,52898.809419907884,423190.4753592631,0
10,5,3,0.2999997000003,2,45015.77925464362,90031.55850928724,1
9,3,4,0.44444395061783265,4,30922.928038664635,123691.71215465854,1
5,4,0,0.0,3,38881.297653153604,116643.89295946082,0
6,3,2,0.33333277777870374,6,6877.671230647701,41266.027383886205,0
2,1,1,0.49999750001249993,4,5742.134194478265,22968.53677791306,1
13,3,4,0.30769207100609924,5,67656.89780781587,338284.48903907934,1
6,6,4,0.6666655555574075,5,45597.89327509484,227989.46637547418,1
5,0,2,0.39999920000160005,4,38024.930963888815,152099.72385555526,1
1,1,0,0.0,2,32045.657239876065,64091.31447975213,2
6,5,2,0.33333277777870374,3,11572.490157027878,34717.47047108364,0
6,1,4,0.6666655555574075,3,52898.211912291335,158694.635736874,0
16,4,4,0.24999984375009765,2,20946.66855304404,41893.33710608808,1
4,2,1,0.24999937500156252,0,48562.73968000224,0.0,0
11,5,1,0.09090900826453795,3,39980.01148313842,119940.03444941525,1
9,7,0,0.0,4,37218.58303814769,148874.33215259077,1
3,1,2,0.6666644444518518,5,18464.505214030956,92322.52607015478,2
19,5,8,0.42105240997241583,3,18664.249929910915,55992.74978973274,2
8,5,2,0.24999968750039064,6,43849.01579468882,263094.0947681329,2
5,5,2,0.39999920000160005,3,39188.25236630028,117564.75709890084,0
4,2,1,0.24999937500156252,3,38707.50609895068,116122.51829685204,2
6,7,4,0.6666655555574075,3,42290.62388770531,126871.87166311593,0
2,6,2,0.9999950000249999,7,8948.84764809437,62641.93353666059,1
11,3,3,0.2727270247936138,5,53227.157599107304,266135.7879955365,1
4,5,2,0.49999875000312505,1,32661.503890784643,32661.503890784643,0
15,0,7,0.46666635555576297,1,55544.67533180655,55544.67533180655,1
6,6,1,0.16666638888935187,4,7875.1399282123775,31500.55971284951,0
17,4,4,0.23529397923883574,0,46535.39008291146,0.0,1
6,2,2,0.33333277777870374,1,46393.689466913915,46393.689466913915,2
19,1,8,0.42105240997241583,5,15708.009899650144,78540.04949825072,0
2,2,2,0.9999950000249999,4,28411.158235967952,113644.63294387181,0
15,1,7,0.46666635555576297,3,22107.404060747012,66322.21218224104,1
11,2,6,0.5454540495872277,8,50948.18933757879,407585.51470063033,2
8,1,3,0.37499953125058594,1,42633.327243338645,42633.327243338645,0
19,5,9,0.4736839612189678,4,61982.7323885263,247930.9295541052,1
13,3,6,0.46153810650914884,2,41044.30901422948,82088.61802845896,2
12,1,4,0.33333305555578707,4,48983.662803343366,195934.65121337346,0
5,7,2,0.39999920000160005,2,55580.16112070761,111160.32224141523,1
6,1,3,0.4999991666680556,6,46316.40089761592,277898.4053856955,1
4,0,0,0.0,5,32237.251955723306,161186.25977861654,1
19,1,8,0.42105240997241583,4,29445.583321076956,117782.33328430782,2
1,0,0,0.0,2,36803.99858707195,73607.9971741439,0
17,4,6,0.3529409688582536,2,49948.75684715136,99897.51369430272,2
12,5,6,0.49999958333368055,3,26508.454072205728,79525.36221661718,2
15,0,4,0.2666664888890074,2,47782.30289269547,95564.60578539094,0
1,3,0,0.0,5,42839.48477465458,214197.4238732729,0
14,6,4,0.2857140816327988,2,19200.408152007778,38400.816304015556,2
6,5,4,0.6666655555574075,1,47053.02888785642,47053.02888785642,1
5,0,0,0.0,0,40128.81519278529,0.0,1
11,5,6,0.5454540495872277,7,29742.136832145603,208194.95782501923,1
4,7,0,0.0,4,39911.42859071404,159645.71436285615,1
13,5,9,0.6923071597637233,5,30325.234650738934,151626.17325369467,2
11,5,7,0.6363630578517656,4,41715.08097034665,166860.3238813866,0
3,4,1,0.3333322222259259,5,35480.59445530171,177402.97227650855,1
1,3,0,0.0,0,15051.136519855756,0.0,2
6,2,2,0.33333277777870374,4,35929.46567176639,143717.86268706556,2
18,2,7,0.3888886728396262,4,31359.74156853785,125438.9662741514,1
10,0,2,0.1999998000002,0,47533.79531448192,0.0,2
5,5,0,0.0,3,51196.52743918617,153589.5823175585,1
10,0,1,0.0999999000001,3,30364.973572542352,91094.92071762706,1
12,4,4,0.33333305555578707,3,26159.067851213727,78477.20355364119,2
2,4,0,0.0,1,12797.68928361559,12797.68928361559,1
13,1,5,0.38461508875762407,2,25789.44315473888,51578.88630947776,0
8,7,6,0.7499990625011719,4,33150.96838411594,132603.87353646377,1
2,4,0,0.0,4,17911.049957686788,71644.19983074715,1
1,1,0,0.0,5,51397.04888495329,256985.24442476645,2
5,3,1,0.19999960000080003,5,41932.42940661042,209662.1470330521,1
9,0,5,0.5555549382722909,2,36193.74928970151,72387.49857940302,1
17,6,9,0.5294114532873805,3,37749.93043407297,113249.79130221892,1
9,3,5,0.5555549382722909,3,42590.674303776694,127772.02291133007,2
11,4,7,0.6363630578517656,3,47496.42466804263,142489.2740041279,1
15,3,2,0.1333332444445037,2,50135.11455270898,100270.22910541797,1
6,3,3,0.4999991666680556,5,33363.03507030379,166815.17535151896,1
3,7,2,0.6666644444518518,7,35870.97579823569,251096.83058764983,1
17,7,4,0.23529397923883574,1,40594.55158916246,40594.55158916246,1
5,7,4,0.7999984000032001,3,35258.580080230524,105775.74024069158,1
12,3,2,0.16666652777789354,3,51084.76123830306,153254.28371490916,2
18,4,7,0.3888886728396262,5,56409.83657207147,282049.18286035734,0
14,6,4,0.2857140816327988,3,43161.09971792242,129483.29915376726,1
11,5,4,0.3636360330581518,3,24377.125380601443,73131.37614180433,1
9,3,4,0.44444395061783265,6,45626.01681248113,273756.1008748868,1
2,1,1,0.49999750001249993,3,43755.48581316239,131266.45743948716,1
12,4,4,0.33333305555578707,3,23119.36962023755,69358.10886071264,1
3,3,1,0.3333322222259259,4,43738.999389930905,174955.99755972362,1
3,6,2,0.6666644444518518,3,29837.14222030982,89511.42666092946,1
1,5,0,0.0,5,49191.40722615924,245957.0361307962,1
8,7,3,0.37499953125058594,5,45504.057827000004,227520.28913500003,1
8,4,5,0.6249992187509766,5,41344.79808253585,206723.99041267927,1
11,2,5,0.45454504132268975,6,38578.201008337535,231469.2060500252,1
9,5,3,0.3333329629633745,1,5999.418899954918,5999.418899954918,1
5,1,2,0.39999920000160005,0,19785.873430139956,0.0,2
14,3,7,0.49999964285739795,6,36037.981703151934,216227.8902189116,1
3,6,2,0.6666644444518518,4,60790.75321705305,243163.0128682122,1
5,2,2,0.39999920000160005,4,46470.2160219917,185880.8640879668,2
5,6,1,0.19999960000080003,5,65210.69493588372,326053.4746794186,0
19,2,5,0.2631577562327599,3,39244.80790481364,117734.42371444093,2
14,4,4,0.2857140816327988,3,37537.238542620915,112611.71562786275,0
4,2,2,0.49999875000312505,5,59376.877798805595,296884.388994028,1
13,1,2,0.15384603550304962,7,35611.78542740977,249282.49799186838,0
10,1,4,0.3999996000004,2,23202.951402782248,46405.902805564496,2
18,0,6,0.33333314814825105,3,42751.31176426046,128253.93529278139,1
8,1,2,0.24999968750039064,1,54837.70972988591,54837.70972988591,1
8,5,4,0.4999993750007813,0,25610.78730378186,0.0,0
7,2,2,0.2857138775516035,2,46835.65309517049,93671.30619034098,1
8,1,1,0.12499984375019532,3,36601.452370035055,109804.35711010516,1
14,4,7,0.49999964285739795,7,44770.246768505844,313391.7273795409,1
19,6,3,0.15789465373965592,3,42703.00815567648,128109.02446702943,1
6,7,3,0.4999991666680556,8,31785.43412546259,254283.47300370072,1
1,6,1,0.9999900000999989,2,36407.182084271866,72814.36416854373,1
15,0,5,0.3333331111112593,4,32701.582598992933,130806.33039597173,0
1,6,1,0.9999900000999989,3,39781.223300595855,119343.66990178757,0
17,2,6,0.3529409688582536,4,25308.54197990658,101234.16791962631,1
1,0,0,0.0,4,28893.72596757764,115574.90387031056,2
15,2,2,0.1333332444445037,4,31790.59391721062,127162.37566884248,1
2,4,0,0.0,3,43875.54358432084,131626.63075296252,1
14,0,8,0.5714281632655976,4,16766.991060677312,67067.96424270925,0
8,3,2,0.24999968750039064,4,36393.05547738602,145572.22190954408,1
8,5,3,0.37499953125058594,2,27376.865036697218,54753.730073394436,1
19,5,7,0.36842085872586383,5,31828.821294726007,159144.10647363003,1
7,2,3,0.4285708163274053,2,28097.462037273544,56194.92407454709,1
19,6,4,0.21052620498620792,4,40918.579713744635,163674.31885497854,2
6,7,2,0.33333277777870374,3,35643.3005762165,106929.9017286495,2
6,7,3,0.4999991666680556,4,48674.15335481881,194696.61341927524,0
3,3,0,0.0,4,44025.97108124959,176103.88432499836,1
7,0,1,0.14285693877580175,2,14944.30873414931,29888.61746829862,2
19,3,2,0.10526310249310396,6,23600.014140570063,141600.08484342037,1
8,3,3,0.37499953125058594,3,35403.39070813982,106210.17212441946,1
10,6,5,0.49999950000050003,2,37355.97208995387,74711.94417990775,1
15,7,2,0.1333332444445037,5,24923.288453812653,124616.44226906326,1
15,0,4,0.2666664888890074,0,57559.61555771821,0.0,0
1,4,0,0.0,3,50970.31611158353,152910.9483347506,2
7,6,3,0.4285708163274053,5,13328.887362536656,66644.43681268329,2
4,3,2,0.49999875000312505,1,43181.395405377276,43181.395405377276,1
6,3,2,0.33333277777870374,3,37313.05194916332,111939.15584748995,2
1,4,1,0.9999900000999989,4,56658.12560856892,226632.50243427567,1
5,3,2,0.39999920000160005,4,14451.741086845519,57806.964347382076,0
1,3,1,0.9999900000999989,3,68897.82216860076,206693.4665058023,1
4,3,2,0.49999875000312505,3,25355.81507600071,76067.44522800212,1
2,5,0,0.0,5,43677.90228398037,218389.51141990186,1
10,6,3,0.2999997000003,2,28904.645346414967,57809.290692829934,1
5,1,1,0.19999960000080003,6,32357.616218584648,194145.6973115079,2
10,6,3,0.2999997000003,5,12658.730157796377,63293.65078898189,2
1,4,1,0.9999900000999989,1,55953.30145874843,55953.30145874843,2
6,3,2,0.33333277777870374,6,33955.2897163774,203731.73829826442,0
13,6,3,0.23076905325457442,7,34975.13130950485,244825.91916653397,1
15,5,7,0.46666635555576297,1,72687.22858274118,72687.22858274118,1
4,7,1,0.24999937500156252,4,52391.64063494881,209566.56253979524,2
13,4,3,0.23076905325457442,0,27974.580857415214,0.0,0
15,2,5,0.3333331111112593,1,28846.161494532847,28846.161494532847,1
8,6,2,0.24999968750039064,3,41897.01815892296,125691.05447676888,1
5,2,2,0.39999920000160005,8,49560.948702706606,396487.58962165285,2
15,3,2,0.1333332444445037,5,64286.63074712213,321433.15373561066,1
4,5,1,0.24999937500156252,4,13878.509618167662,55514.03847267065,1
12,5,4,0.33333305555578707,4,48905.28961031123,195621.15844124492,1
13,6,3,0.23076905325457442,5,51315.03967152571,256575.19835762854,2
2,4,1,0.49999750001249993,9,26157.39722996915,235416.57506972234,0
19,4,7,0.36842085872586383,3,32596.10147709078,97788.30443127234,2
19,5,6,0.31578930747931183,3,13545.025331663446,40635.07599499034,2
4,4,3,0.7499981250046875,1,30486.594565231553,30486.594565231553,0
4,5,2,0.49999875000312505,5,41481.41127083663,207407.05635418315,0
11,6,2,0.1818180165290759,6,61911.76192283035,371470.5715369821,1
5,1,2,0.39999920000160005,2,63295.481884229775,126590.96376845955,0
11,5,5,0.45454504132268975,5,22560.50747578421,112802.53737892104,1
10,2,4,0.3999996000004,2,59867.88769785212,119735.77539570424,1
8,4,2,0.24999968750039064,3,8759.821171837275,26279.463515511823,1
6,5,4,0.6666655555574075,4,29226.051221475765,116904.20488590306,0
6,5,2,0.33333277777870374,5,33472.84839384803,167364.24196924013,1
8,6,1,0.12499984375019532,7,41776.840861315206,292437.88602920645,1
15,4,4,0.2666664888890074,4,39597.6551082033,158390.6204328132,2
14,1,3,0.21428556122459913,2,43485.47786327089,86970.95572654178,0
11,6,5,0.45454504132268975,7,35255.63861734676,246789.47032142733,1
12,1,2,0.16666652777789354,5,52393.83032569249,261969.15162846245,2
13,7,3,0.23076905325457442,8,48377.53456116077,387020.27648928616,1
8,6,4,0.4999993750007813,2,33656.55692829331,67313.11385658661,1
18,4,5,0.27777762345687584,3,50635.90535285521,151907.71605856562,0
1,0,0,0.0,4,69026.53010781619,276106.12043126475,2
15,4,2,0.1333332444445037,2,27901.123178154965,55802.24635630993,1
8,4,1,0.12499984375019532,1,63130.04773901114,63130.04773901114,2
11,1,3,0.2727270247936138,5,29247.870251000146,146239.35125500074,2
12,1,5,0.4166663194447338,3,59154.88933925747,177464.6680177724,1
12,4,3,0.24999979166684028,4,29810.959994701007,119243.83997880403,1
4,4,0,0.0,3,49484.936377343896,148454.8091320317,0
16,4,7,0.4374997265626709,5,40694.49665896954,203472.4832948477,1
4,1,2,0.49999875000312505,5,11221.122981141652,56105.614905708266,1
5,4,2,0.39999920000160005,2,66733.28558728477,133466.57117456954,1
5,4,2,0.39999920000160005,5,24568.2201648793,122841.1008243965,1
8,7,2,0.24999968750039064,6,18956.01032964813,113736.06197788878,2
10,3,3,0.2999997000003,5,28408.418289927373,142042.09144963685,1
17,0,6,0.3529409688582536,2,75968.70849894675,151937.4169978935,1
9,2,3,0.3333329629633745,5,19194.296186297932,95971.48093148966,1
19,0,9,0.4736839612189678,4,40673.65276525442,162694.61106101767,1
14,3,1,0.0714285204081997,2,21152.565104882713,42305.130209765426,2
8,2,4,0.4999993750007813,4,23724.376427525796,94897.50571010319,1
9,6,2,0.22222197530891633,1,14008.66146305674,14008.66146305674,1
11,4,5,0.45454504132268975,1,42727.52305697631,42727.52305697631,1
1,3,0,0.0,3,35581.70223126774,106745.10669380323,0
14,7,7,0.49999964285739795,2,21029.50634640066,42059.01269280132,1
5,6,0,0.0,2,51098.05201937662,102196.10403875324,1
14,4,5,0.35714260204099857,1,52680.810728116194,52680.810728116194,2
4,1,1,0.24999937500156252,2,44108.27912271157,88216.55824542313,2
1,5,1,0.9999900000999989,4,55560.049087612075,222240.1963504483,1
19,3,7,0.36842085872586383,6,32764.84601052944,196589.07606317665,1
8,1,3,0.37499953125058594,3,42835.620448767135,128506.8613463014,0
15,3,5,0.3333331111112593,4,32822.75514067938,131291.02056271752,0
15,7,4,0.2666664888890074,0,15390.003230934775,0.0,1
9,3,3,0.3333329629633745,5,41288.69601247037,206443.48006235185,1
9,1,1,0.11111098765445816,5,40380.16859561687,201900.84297808437,1
10,7,6,0.5999994000006,5,37547.085380869146,187735.42690434575,1
9,2,4,0.44444395061783265,6,43608.13085365159,261648.78512190958,1
3,0,2,0.6666644444518518,7,59178.536505647906,414249.7555395353,1
11,4,3,0.2727270247936138,3,34933.700276289885,104801.10082886965,1
6,3,3,0.4999991666680556,5,23642.46846138161,118212.34230690805,1
2,4,1,0.49999750001249993,4,34283.73485812991,137134.93943251963,1
7,5,3,0.4285708163274053,3,35947.399499557956,107842.19849867387,2
18,1,7,0.3888886728396262,4,52753.82860922289,211015.31443689155,1
2,4,0,0.0,4,39599.94654987679,158399.78619950716,2
17,1,8,0.4705879584776715,4,20777.15962971139,83108.63851884556,0
11,4,4,0.3636360330581518,3,50081.86795356338,150245.60386069014,1
12,0,2,0.16666652777789354,7,47676.91758190762,333738.42307335336,1
19,0,6,0.31578930747931183,3,39606.53677646922,118819.61032940766,1
7,7,4,0.571427755103207,1,52223.696954567306,52223.696954567306,2
6,0,3,0.4999991666680556,5,54734.10516865087,273670.52584325435,1
1,7,1,0.9999900000999989,3,32338.392645713313,97015.17793713993,1
17,0,7,0.41176446366796254,4,24497.581497352967,97990.32598941187,1
11,0,3,0.2727270247936138,3,37821.853704481255,113465.56111344376,1
18,0,4,0.2222220987655007,4,46049.17588153745,184196.7035261498,1
17,1,4,0.23529397923883574,4,36419.67591944959,145678.70367779836,1
7,3,0,0.0,3,23173.64625866454,69520.93877599362,2
17,7,5,0.29411747404854466,6,40440.07958781079,242640.47752686474,0
9,4,2,0.22222197530891633,2,7497.489950142419,14994.979900284838,1
17,0,5,0.29411747404854466,3,33133.083916856995,99399.25175057098,1
8,1,5,0.6249992187509766,3,50767.48849235246,152302.46547705738,2
17,1,6,0.3529409688582536,6,51581.57551182164,309489.45307092986,2
7,1,4,0.571427755103207,1,4000.0,4000.0,1
1,7,0,0.0,6,35111.2384332021,210667.43059921262,0
13,3,3,0.23076905325457442,4,46989.136928318876,187956.5477132755,1
19,7,6,0.31578930747931183,3,20358.768913515283,61076.30674054585,1
19,4,4,0.21052620498620792,7,32420.679876405076,226944.75913483553,2
17,3,5,0.29411747404854466,3,56115.751338642585,168347.25401592776,1
13,2,5,0.38461508875762407,2,30737.54875133385,61475.0975026677,1
16,6,3,0.18749988281257324,2,61979.62503357958,123959.25006715916,1
8,1,2,0.24999968750039064,2,26882.214253249767,53764.428506499535,1
19,7,6,0.31578930747931183,3,59148.20257427047,177444.6077228114,2
18,2,11,0.611110771605127,2,38503.45332306824,77006.90664613649,0
1,5,1,0.9999900000999989,3,24825.090691996043,74475.27207598813,1
14,7,6,0.42857112244919826,2,59198.21124378958,118396.42248757916,2
19,0,4,0.21052620498620792,6,19902.875696276737,119417.25417766042,0
15,6,7,0.46666635555576297,5,26060.41633911006,130302.0816955503,1
18,0,8,0.4444441975310014,4,45348.791109342186,181395.16443736874,1
2,3,1,0.49999750001249993,3,39212.26091753924,117636.78275261773,1
17,6,11,0.6470584429067983,4,42109.45634379317,168437.8253751727,0
18,7,5,0.27777762345687584,1,32475.225152656392,32475.225152656392,1
6,4,4,0.6666655555574075,2,20009.097329537515,40018.19465907503,1
19,2,10,0.5263155124655198,1,28216.163554230574,28216.163554230574,1
4,4,0,0.0,5,57805.98922170006,289029.9461085003,1
1,7,0,0.0,4,17945.28655927136,71781.14623708544,1
8,3,6,0.7499990625011719,4,62667.01150024918,250668.04600099672,1
7,0,1,0.14285693877580175,5,42737.88479837814,213689.42399189068,2
3,6,1,0.3333322222259259,3,29047.926412203546,87143.77923661063,0
10,4,7,0.6999993000007,1,7969.205232839627,7969.205232839627,1
10,7,4,0.3999996000004,3,9939.716238228599,29819.148714685798,2
19,4,5,0.2631577562327599,5,32661.74150210149,163308.70751050743,1
14,7,5,0.35714260204099857,4,30844.339013636418,123377.35605454567,0
2,0,0,0.0,4,39766.22861694568,159064.9144677827,1
1,6,0,0.0,0,63787.1650150803,0.0,1
18,2,3,0.16666657407412552,3,46063.91024405361,138191.73073216082,0
7,0,3,0.4285708163274053,7,36069.66825883143,252487.67781182,2
8,4,3,0.37499953125058594,1,56252.665351100324,56252.665351100324,1
1,2,1,0.9999900000999989,5,40259.80890108658,201299.0445054329,1
3,7,1,0.3333322222259259,3,61995.63490640269,185986.90471920808,1
8,2,3,0.37499953125058594,5,27918.70559948957,139593.52799744785,0
15,7,6,0.39999973333351113,3,20783.13842213602,62349.41526640806,2
5,0,1,0.19999960000080003,3,7995.015856177125,23985.047568531376,0
3,4,1,0.3333322222259259,0,36418.83113782387,0.0,1
19,3,5,0.2631577562327599,3,19480.377149643657,58441.13144893097,1
1,4,1,0.9999900000999989,2,19267.95301265476,38535.90602530952,1
15,7,3,0.19999986666675557,4,53514.79124602733,214059.16498410932,1
8,1,3,0.37499953125058594,8,12168.475629898547,97347.80503918837,1
2,6,1,0.49999750001249993,3,39553.37708745981,118660.13126237944,2
3,5,1,0.3333322222259259,2,36751.50934594015,73503.0186918803,1
14,3,3,0.21428556122459913,4,39381.967224974454,157527.86889989782,0
14,2,5,0.35714260204099857,7,58761.537031189626,411330.75921832735,1
11,3,4,0.3636360330581518,3,25614.63044583673,76843.8913375102,1
16,6,7,0.4374997265626709,1,58774.22730647526,58774.22730647526,1
4,2,1,0.24999937500156252,5,11596.924157794241,57984.62078897121,1
5,6,2,0.39999920000160005,4,47761.11555599697,191044.46222398788,1
14,2,5,0.35714260204099857,2,60145.60068306662,120291.20136613325,1
16,3,6,0.3749997656251465,1,4000.0,4000.0,1
18,2,7,0.3888886728396262,5,37469.10612304878,187345.53061524392,2
7,2,2,0.2857138775516035,5,36249.040326258706,181245.20163129352,1
10,1,2,0.1999998000002,1,39077.72763808164,39077.72763808164,0
7,4,0,0.0,3,63673.36881485149,191020.10644455446,1
1,4,0,0.0,4,26545.53700507137,106182.14802028547,1
19,5,4,0.21052620498620792,4,20232.372047307672,80929.48818923069,1
16,5,5,0.31249980468762206,3,39186.840241387625,117560.52072416287,1
19,7,7,0.36842085872586383,4,54864.7016195901,219458.8064783604,1
4,7,1,0.24999937500156252,5,46379.523246572295,231897.61623286147,0
18,7,9,0.49999972222237654,4,38514.82995246581,154059.31980986323,1
2,1,0,0.0,1,34561.53495781746,34561.53495781746,1
1,5,1,0.9999900000999989,2,7896.045065281464,15792.090130562929,1
15,6,6,0.39999973333351113,4,46787.937929258165,187151.75171703266,2
5,7,1,0.19999960000080003,2,48580.108744378784,97160.21748875757,1
11,7,1,0.09090900826453795,2,27614.996477701,55229.992955402,2
10,3,4,0.3999996000004,4,31029.20199810631,124116.80799242524,2
2,0,0,0.0,2,22276.564685592744,44553.12937118549,2
3,6,2,0.6666644444518518,4,51021.85209183948,204087.40836735792,0
12,7,4,0.33333305555578707,9,32512.005789584335,292608.05210625904,2
5,7,3,0.5999988000024,6,35760.42999016986,214562.57994101918,0
5,7,1,0.19999960000080003,4,47438.96174515894,189755.84698063575,0
6,0,3,0.4999991666680556,1,42904.61080144188,42904.61080144188,1
9,0,4,0.44444395061783265,3,46449.2170215054,139347.6510645162,0
2,1,1,0.49999750001249993,3,40622.55959053246,121867.67877159738,0
12,6,3,0.24999979166684028,1,40956.77502684051,40956.77502684051,1
3,1,1,0.3333322222259259,5,40814.5678154638,204072.83907731902,1
12,2,4,0.33333305555578707,1,44793.73639023516,44793.73639023516,1
17,0,7,0.41176446366796254,5,45522.6063757102,227613.031878551,0
10,3,3,0.2999997000003,2,19629.38058880923,39258.76117761846,1
14,5,7,0.49999964285739795,2,29042.08623072152,58084.17246144304,2
17,3,3,0.1764704844291268,3,34949.62604747007,104848.8781424102,1
18,5,8,0.4444441975310014,5,44777.27384743324,223886.3692371662,1
19,0,9,0.4736839612189678,5,61961.35044239364,309806.7522119682,2
17,0,8,0.4705879584776715,1,25801.654525500486,25801.654525500486,0
14,0,5,0.35714260204099857,2,51179.77513070282,102359.55026140565,1
9,1,3,0.3333329629633745,0,29465.80231579356,0.0,2
8,6,6,0.7499990625011719,7,58557.75253466982,409904.2677426887,2
2,5,0,0.0,3,66685.1589769543,200055.47693086293,1
13,6,5,0.38461508875762407,5,11779.794595570054,58898.97297785027,0
7,1,3,0.4285708163274053,3,33104.996514389466,99314.9895431684,2
9,1,4,0.44444395061783265,11,4000.0,44000.0,0
11,4,3,0.2727270247936138,1,12652.459631613421,12652.459631613421,1
14,3,6,0.42857112244919826,1,13587.121396194434,13587.121396194434,1
4,3,2,0.49999875000312505,3,47360.989622169305,142082.96886650793,1
13,2,2,0.15384603550304962,5,44554.75466490655,222773.77332453273,1
2,7,2,0.9999950000249999,2,50018.66681991573,100037.33363983146,2
5,1,0,0.0,3,47118.747775623815,141356.24332687145,1
11,5,3,0.2727270247936138,3,45275.972321993686,135827.91696598107,0
6,4,0,0.0,1,39677.85577017023,39677.85577017023,1
18,4,3,0.16666657407412552,0,36036.79541981927,0.0,1
10,7,6,0.5999994000006,2,53293.96598067163,106587.93196134326,1
4,6,1,0.24999937500156252,4,38184.16833536058,152736.6733414423,2
9,7,3,0.3333329629633745,6,45877.68472382896,275266.10834297375,2
6,7,1,0.16666638888935187,3,4000.0,12000.0,1
2,7,1,0.49999750001249993,6,20373.9637871138,122243.78272268281,0
17,3,6,0.3529409688582536,5,52703.36380467898,263516.8190233949,1
5,1,1,0.19999960000080003,2,27973.47599850223,55946.95199700446,2
6,2,2,0.33333277777870374,3,17069.63723251389,51208.91169754167,1
12,1,6,0.49999958333368055,5,47619.38497222055,238096.92486110274,2
10,6,3,0.2999997000003,5,38020.01487917643,190100.07439588214,1
6,0,2,0.33333277777870374,4,31895.912430296234,127583.64972118493,1
8,7,2,0.24999968750039064,6,60636.664531116374,363819.98718669824,1
2,1,1,0.49999750001249993,1,58061.51161873127,58061.51161873127,1
12,6,4,0.33333305555578707,7,35182.44200577397,246277.09404041778,2
13,0,5,0.38461508875762407,3,48835.62957228944,146506.88871686833,1
7,0,2,0.2857138775516035,6,4419.442816421612,26516.656898529676,1
10,7,7,0.6999993000007,1,54400.38549345918,54400.38549345918,1
13,2,4,0.30769207100609924,2,21701.202368959403,43402.404737918805,0
17,5,7,0.41176446366796254,3,16217.870968747566,48653.6129062427,1
14,3,5,0.35714260204099857,3,11221.024282376715,33663.07284713014,0
2,1,0,0.0,1,10061.72165332039,10061.72165332039,0
11,0,5,0.45454504132268975,4,54204.88311350663,216819.5324540265,1
1,1,0,0.0,4,47467.17063927282,189868.6825570913,1
19,5,9,0.4736839612189678,5,26512.105360858102,132560.5268042905,0
4,3,3,0.7499981250046875,6,50823.48555107312,304940.9133064387,1
19,5,9,0.4736839612189678,3,29075.278561862437,87225.83568558731,0
11,3,1,0.09090900826453795,0,42854.74162232935,0.0,1
8,4,4,0.4999993750007813,1,30765.364596531614,30765.364596531614,0
11,3,3,0.2727270247936138,5,36200.5530669906,181002.765334953,1
4,7,3,0.7499981250046875,2,24377.046383485336,48754.09276697067,1
17,2,7,0.41176446366796254,2,26602.73556798407,53205.47113596814,1
7,5,4,0.571427755103207,2,46161.44271428938,92322.88542857875,1
8,0,3,0.37499953125058594,6,48571.68450141875,291430.1070085125,1
3,7,1,0.3333322222259259,2,31788.138278290833,63576.276556581666,2
2,4,0,0.0,0,15116.89633597186,0.0,1
15,2,7,0.46666635555576297,7,75068.70567366846,525480.9397156793,1
5,1,1,0.19999960000080003,6,38550.44987346858,231302.69924081146,1
1,7,0,0.0,2,42682.11244111104,85364.22488222209,1
4,5,2,0.49999875000312505,2,19080.05302381127,38160.10604762254,1
15,6,6,0.39999973333351113,3,56228.50323476649,168685.50970429947,2
19,6,5,0.2631577562327599,6,58518.42894737908,351110.57368427445,1
3,0,1,0.3333322222259259,3,12379.477135395284,37138.43140618585,1
11,3,3,0.2727270247936138,4,36464.21558561873,145856.86234247492,1
17,0,6,0.3529409688582536,4,35293.44544070544,141173.78176282177,0
13,6,1,0.07692301775152481,6,73826.70224820261,442960.21348921565,0
11,1,3,0.2727270247936138,1,59654.207106918424,59654.207106918424,2
2,4,0,0.0,4,16238.323790462435,64953.29516184974,2
9,4,4,0.44444395061783265,6,27079.21730676088,162475.30384056526,1
2,5,0,0.0,3,24605.089772291052,73815.26931687316,2
9,4,3,0.3333329629633745,2,43575.14565276387,87150.29130552775,1
9,5,5,0.5555549382722909,3,61583.13321146604,184749.3996343981,1
8,7,1,0.12499984375019532,3,39637.610488254795,118912.83146476439,1
17,5,6,0.3529409688582536,2,45517.49354656742,91034.98709313484,0
1,7,1,0.9999900000999989,5,28035.369434852844,140176.84717426423,2
11,5,6,0.5454540495872277,4,45437.11547239206,181748.46188956825,2
8,6,4,0.4999993750007813,2,30921.232489782426,61842.46497956485,2
10,6,4,0.3999996000004,1,13388.607030040377,13388.607030040377,1
7,3,4,0.571427755103207,6,44463.06063702675,266778.3638221605,1
3,7,1,0.3333322222259259,2,37852.213675825806,75704.42735165161,0
3,2,2,0.6666644444518518,4,21542.03685222865,86168.1474089146,1
18,7,2,0.11111104938275035,4,62680.77987655999,250723.11950623995,1
5,5,3,0.5999988000024,7,26503.190158074274,185522.3311065199,1
12,5,4,0.33333305555578707,4,47136.51971658253,188546.07886633012,2
12,2,4,0.33333305555578707,7,32561.777141747538,227932.43999223277,2
19,0,5,0.2631577562327599,4,61153.658282863726,244614.6331314549,0
6,5,3,0.4999991666680556,7,34436.18129407151,241053.26905850056,0
2,3,0,0.0,7,12880.57867084622,90164.05069592354,1
12,4,6,0.49999958333368055,3,50150.031713286415,150450.09513985924,1
19,4,9,0.4736839612189678,2,61093.15981534601,122186.31963069201,1
5,1,1,0.19999960000080003,1,31585.8290360601,31585.8290360601,1
12,1,6,0.49999958333368055,2,48183.27214478673,96366.54428957346,1
17,4,7,0.41176446366796254,3,39941.47407573168,119824.42222719506,1
17,4,7,0.41176446366796254,8,32259.260668617324,258074.0853489386,1
10,6,3,0.2999997000003,3,50611.40566433056,151834.21699299169,2
17,3,5,0.29411747404854466,1,25999.460159715123,25999.460159715123,0
15,2,4,0.2666664888890074,1,38487.42807180675,38487.42807180675,2
12,1,3,0.24999979166684028,1,41860.35089906679,41860.35089906679,1
16,6,8,0.4999996875001953,5,41316.34055538055,206581.70277690276,1
19,6,4,0.21052620498620792,7,26368.898624691952,184582.29037284368,0
8,2,4,0.4999993750007813,4,68894.07829953026,275576.31319812103,1
17,6,5,0.29411747404854466,1,56933.67999233168,56933.67999233168,1
5,7,2,0.39999920000160005,9,52856.18838124381,475705.69543119427,1
16,3,7,0.4374997265626709,4,59498.19462466792,237992.7784986717,1
6,4,4,0.6666655555574075,4,39031.42321606076,156125.69286424303,1
8,5,2,0.24999968750039064,2,32430.64547854446,64861.29095708892,2
18,2,6,0.33333314814825105,3,21664.463366984037,64993.39010095211,1
12,4,4,0.33333305555578707,6,27448.52618071027,164691.15708426162,2
15,4,1,0.06666662222225185,4,22789.649295440086,91158.59718176034,0
9,0,2,0.22222197530891633,3,30078.417778662402,90235.2533359872,2
13,7,4,0.30769207100609924,3,42147.13439199767,126441.40317599301,2
15,2,5,0.3333331111112593,1,51710.373488171106,51710.373488171106,1
10,6,4,0.3999996000004,5,51295.3026168328,256476.513084164,1
16,5,5,0.31249980468762206,3,20427.385321566107,61282.15596469832,1
7,2,2,0.2857138775516035,4,48336.939782045076,193347.7591281803,0
17,6,6,0.3529409688582536,3,55157.861561205646,165473.58468361694,1
7,4,3,0.4285708163274053,1,34186.4730716699,34186.4730716699,1
14,5,7,0.49999964285739795,3,55966.25041363308,167898.75124089926,2
15,6,5,0.3333331111112593,3,51137.003901503114,153411.01170450935,2
7,3,3,0.4285708163274053,3,19031.13586230548,57093.40758691644,1
9,6,2,0.22222197530891633,2,70876.04279611805,141752.0855922361,1
19,0,7,0.36842085872586383,3,27265.28653775064,81795.85961325192,1
16,7,5,0.31249980468762206,4,52361.299217382846,209445.19686953138,1
8,4,2,0.24999968750039064,1,51818.33000597876,51818.33000597876,1
18,6,8,0.4444441975310014,1,19639.82147585038,19639.82147585038,1
18,7,9,0.49999972222237654,3,40684.692267590624,122054.07680277187,2
7,1,1,0.14285693877580175,4,51633.744658088144,206534.97863235258,1
3,1,1,0.3333322222259259,5,19480.8003802295,97404.0019011475,1
18,7,7,0.3888886728396262,1,39494.242397694674,39494.242397694674,1
10,7,2,0.1999998000002,5,52890.095815534485,264450.4790776724,1
7,0,1,0.14285693877580175,3,53858.60899680658,161575.82699041974,1
17,3,5,0.29411747404854466,1,32043.90463573043,32043.90463573043,1
14,4,3,0.21428556122459913,4,61165.5382386323,244662.1529545292,1
3,2,0,0.0,4,57582.83087526999,230331.32350107995,1
12,0,3,0.24999979166684028,3,41618.41945913601,124855.25837740803,1
13,3,4,0.30769207100609924,7,28115.728350993362,196810.09845695354,1
2,7,1,0.49999750001249993,5,20512.222669519462,102561.1133475973,1
3,2,1,0.3333322222259259,5,43663.18492173671,218315.92460868356,1
5,7,4,0.7999984000032001,6,59967.68856585244,359806.13139511464,1
11,7,3,0.2727270247936138,1,35792.71001334215,35792.71001334215,2
8,1,4,0.4999993750007813,2,25113.772343881676,50227.54468776335,1
12,1,6,0.49999958333368055,3,50373.85827763993,151121.57483291978,2
7,2,3,0.4285708163274053,1,40617.68744275888,40617.68744275888,1
15,0,5,0.3333331111112593,3,45738.574807978985,137215.72442393695,1
17,1,7,0.41176446366796254,1,30120.81993545164,30120.81993545164,1
4,4,1,0.24999937500156252,4,32452.231828441014,129808.92731376406,1
13,7,4,0.30769207100609924,2,30050.06504490304,60100.13008980608,0
18,5,6,0.33333314814825105,0,45487.536842267524,0.0,1
1,6,0,0.0,1,32909.06479353332,32909.06479353332,1
16,2,2,0.12499992187504883,5,46886.36544456736,234431.8272228368,1
13,2,7,0.5384611242606736,5,28679.42568587044,143397.1284293522,1
10,1,4,0.3999996000004,3,45462.52352952085,136387.57058856255,1
12,0,4,0.33333305555578707,3,48556.717554741415,145670.15266422424,1
2,7,2,0.9999950000249999,2,42973.14424413218,85946.28848826436,1
3,4,1,0.3333322222259259,4,51755.651701392584,207022.60680557034,1
10,0,7,0.6999993000007,3,30778.152618062155,92334.45785418646,1
2,3,1,0.49999750001249993,5,48389.63199377519,241948.15996887596,1
13,3,3,0.23076905325457442,3,41500.17969261471,124500.53907784412,1
13,5,6,0.46153810650914884,4,25853.99229864585,103415.9691945834,0
18,1,7,0.3888886728396262,6,9394.519679583746,56367.11807750247,1
3,1,2,0.6666644444518518,5,12602.598072900388,63012.99036450194,1
7,1,5,0.7142846938790088,4,4874.577456371005,19498.30982548402,1
14,5,6,0.42857112244919826,5,44391.93916352606,221959.6958176303,1
17,3,6,0.3529409688582536,7,33128.46467387269,231899.25271710881,2
12,0,6,0.49999958333368055,4,39308.185085757876,157232.7403430315,1
16,5,6,0.3749997656251465,1,35293.97624806973,35293.97624806973,1
12,5,4,0.33333305555578707,1,46725.0510933319,46725.0510933319,1
15,0,7,0.46666635555576297,5,47163.68600671704,235818.4300335852,1
10,1,2,0.1999998000002,4,38643.51250603661,154574.05002414645,1
7,4,3,0.4285708163274053,4,39551.30669891097,158205.2267956439,1
5,0,3,0.5999988000024,3,40150.47032567506,120451.41097702517,1
1,3,1,0.9999900000999989,3,58876.74427750811,176630.2328325243,1
17,2,7,0.41176446366796254,3,7931.021767588346,23793.065302765037,1
3,7,2,0.6666644444518518,3,27942.186575771775,83826.55972731533,1
13,2,4,0.30769207100609924,6,50978.91940285185,305873.5164171111,1
14,6,7,0.49999964285739795,4,54618.537474126475,218474.1498965059,0
18,6,5,0.27777762345687584,5,44408.001252774586,222040.00626387293,1
4,5,0,0.0,6,35238.09487243194,211428.56923459162,1
18,7,5,0.27777762345687584,7,65923.39561509194,461463.76930564357,2
5,2,2,0.39999920000160005,5,40667.176248856624,203335.8812442831,1
16,4,6,0.3749997656251465,4,38461.78985264444,153847.15941057776,1
1,1,1,0.9999900000999989,10,57976.77969564435,579767.7969564435,1
14,3,4,0.2857140816327988,1,45133.26702085523,45133.26702085523,0
15,6,5,0.3333331111112593,3,52097.45333283787,156292.3599985136,1
9,4,0,0.0,6,53854.58500099365,323127.51000596187,1
15,3,5,0.3333331111112593,1,32412.925664148544,32412.925664148544,1
17,3,7,0.41176446366796254,5,64515.97718545893,322579.8859272946,0
4,1,0,0.0,3,4000.0,12000.0,1
12,7,3,0.24999979166684028,5,8305.146382891118,41525.731914455595,1
5,5,1,0.19999960000080003,9,27796.780665915456,250171.0259932391,1
5,2,0,0.0,5,31649.591655878652,158247.95827939326,1
11,1,4,0.3636360330581518,6,43439.37037153226,260636.22222919358,1
6,4,1,0.16666638888935187,3,27658.331937359875,82974.99581207962,0
7,5,3,0.4285708163274053,3,37821.22415040764,113463.67245122291,0
14,4,7,0.49999964285739795,5,34922.85991148311,174614.29955741554,1
11,5,4,0.3636360330581518,3,68066.97595909613,204200.9278772884,1
13,7,8,0.6153841420121985,4,25925.365111248368,103701.46044499347,1
2,6,1,0.49999750001249993,2,12754.33165157528,25508.66330315056,1
7,4,2,0.2857138775516035,2,54785.00348810157,109570.00697620313,1
4,1,4,0.9999975000062501,6,27290.6515008277,163743.9090049662,0
8,5,2,0.24999968750039064,1,36625.05063724632,36625.05063724632,1
19,5,10,0.5263155124655198,2,28307.3682481044,56614.7364962088,1
13,3,2,0.15384603550304962,5,49057.64147076789,245288.20735383948,1
14,3,5,0.35714260204099857,4,17385.88166667905,69543.5266667162,2
10,0,1,0.0999999000001,4,4000.0,16000.0,1
11,4,5,0.45454504132268975,4,57435.74432709942,229742.97730839768,1
2,3,1,0.49999750001249993,4,41712.06216234736,166848.24864938945,1
9,0,4,0.44444395061783265,2,54089.66625735867,108179.33251471735,0
17,6,5,0.29411747404854466,4,56933.17959339361,227732.71837357443,2
3,6,1,0.3333322222259259,5,24253.006793115088,121265.03396557544,1
6,3,0,0.0,4,38909.97496845098,155639.89987380392,0
5,4,1,0.19999960000080003,1,45580.8271864333,45580.8271864333,1
5,5,3,0.5999988000024,2,36375.61891705291,72751.23783410582,0
15,2,5,0.3333331111112593,3,33317.73173996312,99953.19521988937,2
17,7,8,0.4705879584776715,2,34795.23219707757,69590.46439415513,2
9,4,5,0.5555549382722909,3,54253.14306958074,162759.42920874222,1
3,7,1,0.3333322222259259,2,34114.81707368671,68229.63414737342,0
17,1,7,0.41176446366796254,5,47003.44201405215,235017.21007026074,1
10,6,2,0.1999998000002,5,43203.3920552314,216016.960276157,1
3,3,0,0.0,3,23537.25492244835,70611.76476734504,1
18,3,3,0.16666657407412552,5,42529.54234271189,212647.71171355943,1
18,7,7,0.3888886728396262,3,14919.933906011089,44759.80171803327,2
17,5,6,0.3529409688582536,11,44021.49855416567,484236.4840958224,1
3,7,1,0.3333322222259259,7,51366.7577938625,359567.30455703754,1
3,1,1,0.3333322222259259,2,54821.21043645383,109642.42087290766,1
6,5,2,0.33333277777870374,2,23709.647890561213,47419.295781122426,2
13,1,5,0.38461508875762407,3,29957.688929047163,89873.06678714149,0
15,2,7,0.46666635555576297,4,42260.97810596784,169043.91242387137,1
9,6,0,0.0,5,30861.127826968328,154305.63913484165,1
4,3,1,0.24999937500156252,5,9066.845258059871,45334.22629029935,2
14,3,6,0.42857112244919826,3,29874.552893653305,89623.65868095991,2
5,2,1,0.19999960000080003,5,42203.02457360941,211015.12286804704,1
2,0,1,0.49999750001249993,3,54012.92471960723,162038.7741588217,1
11,6,3,0.2727270247936138,4,63338.12742839319,253352.50971357277,1
9,5,3,0.3333329629633745,4,39874.21751435115,159496.8700574046,0
3,2,0,0.0,4,46497.41729596687,185989.6691838675,1
9,5,2,0.22222197530891633,4,52411.75986970687,209647.03947882747,1
3,7,1,0.3333322222259259,4,7241.607640748734,28966.430562994938,1
2,4,1,0.49999750001249993,3,22711.75862735699,68135.27588207097,2
12,3,5,0.4166663194447338,3,39538.43305358777,118615.2991607633,1
10,5,5,0.49999950000050003,4,61339.17302329672,245356.69209318687,1
9,1,3,0.3333329629633745,5,47446.410978104774,237232.05489052387,0
15,5,7,0.46666635555576297,0,42945.494068835236,0.0,2
8,4,2,0.24999968750039064,4,34578.3194218265,138313.277687306,0
5,6,1,0.19999960000080003,4,44401.9119593526,177607.6478374104,0
11,3,5,0.45454504132268975,3,29053.39097701712,87160.17293105136,1
2,7,0,0.0,3,26302.560807020098,78907.6824210603,1
15,2,6,0.39999973333351113,4,27605.94502112028,110423.78008448111,0
6,7,1,0.16666638888935187,1,58107.22266759418,58107.22266759418,2
8,4,3,0.37499953125058594,1,25396.218938070815,25396.218938070815,2
5,3,3,0.5999988000024,2,32018.3436825332,64036.6873650664,2
16,5,8,0.4999996875001953,2,45065.16847738338,90130.33695476675,0
18,6,7,0.3888886728396262,4,24797.227212211677,99188.90884884671,2
6,0,3,0.4999991666680556,1,41392.45868486291,41392.45868486291,2
5,6,2,0.39999920000160005,4,41387.06290110225,165548.251604409,2
16,0,6,0.3749997656251465,3,28633.18836860167,85899.56510580501,1
13,1,3,0.23076905325457442,5,34118.29669494168,170591.4834747084,1
5,6,2,0.39999920000160005,3,23846.35565107506,71539.06695322518,0
13,3,4,0.30769207100609924,3,58741.49005313967,176224.470159419,2
17,0,9,0.5294114532873805,1,41863.90790935781,41863.90790935781,0
18,2,6,0.33333314814825105,3,22270.353817916035,66811.0614537481,1
8,3,3,0.37499953125058594,5,39894.77124550504,199473.85622752522,2
13,2,5,0.38461508875762407,4,40573.91243097367,162295.6497238947,1
19,6,7,0.36842085872586383,4,4351.402343911556,17405.609375646225,0
3,2,2,0.6666644444518518,5,58106.66066514417,290533.30332572083,2
8,0,2,0.24999968750039064,1,23155.878315778114,23155.878315778114,2
2,3,1,0.49999750001249993,4,69353.22030705752,277412.8812282301,0
8,5,4,0.4999993750007813,3,49929.36141455998,149788.08424367994,2
13,4,4,0.30769207100609924,0,21097.55390049131,0.0,1
13,0,4,0.30769207100609924,2,33286.24068800186,66572.48137600372,1
1,0,1,0.9999900000999989,0,51839.27240830322,0.0,1
6,5,3,0.4999991666680556,4,34433.708929168315,137734.83571667326,0
19,3,4,0.21052620498620792,4,55673.56001627891,222694.24006511565,1
16,3,7,0.4374997265626709,2,32358.96788332822,64717.93576665644,0
8,7,4,0.4999993750007813,5,36820.021507061894,184100.10753530948,2
1,6,0,0.0,0,52252.25045316252,0.0,1
16,2,10,0.6249996093752441,1,47050.86489769981,47050.86489769981,2
9,6,4,0.44444395061783265,2,24121.5884378142,48243.1768756284,1
13,5,6,0.46153810650914884,3,44510.77454616646,133532.32363849937,0
11,6,5,0.45454504132268975,3,40511.72165996463,121535.16497989389,2
13,5,3,0.23076905325457442,5,24323.998585450092,121619.99292725045,2
10,3,2,0.1999998000002,5,17142.845098391157,85714.22549195579,1
4,2,1,0.24999937500156252,2,9029.245025859675,18058.49005171935,0
6,6,1,0.16666638888935187,3,33583.6387275418,100750.9161826254,1
7,0,2,0.2857138775516035,1,37189.900958787046,37189.900958787046,1
5,1,3,0.5999988000024,3,45568.670842814856,136706.01252844458,2
11,7,5,0.45454504132268975,4,50307.179293746456,201228.71717498582,0
13,4,5,0.38461508875762407,4,31792.11735335968,127168.46941343872,0
19,0,9,0.4736839612189678,7,36753.929794387,257277.508560709,1
10,3,5,0.49999950000050003,2,26619.16518520955,53238.3303704191,1
10,4,3,0.2999997000003,5,39308.57631209235,196542.88156046177,0
11,1,3,0.2727270247936138,4,52527.63022457417,210110.52089829667,1
7,1,2,0.2857138775516035,3,39517.14262168723,118551.42786506168,1
18,2,8,0.4444441975310014,1,55449.88100012798,55449.88100012798,1
4,4,1,0.24999937500156252,2,52276.72490485436,104553.44980970872,1
2,2,1,0.49999750001249993,5,59865.46752969875,299327.33764849376,1
14,0,3,0.21428556122459913,4,39938.48648040615,159753.9459216246,2
13,5,6,0.46153810650914884,1,30013.547377137915,30013.547377137915,2
12,5,6,0.49999958333368055,5,47318.50284133935,236592.51420669677,1
7,5,3,0.4285708163274053,1,32406.45504722735,32406.45504722735,1
2,4,2,0.9999950000249999,3,46847.774589869645,140543.32376960892,2
13,5,6,0.46153810650914884,6,28057.950396745386,168347.70238047233,1
14,0,7,0.49999964285739795,5,25573.912220536935,127869.56110268467,1
17,2,9,0.5294114532873805,7,56246.68975246226,393726.82826723583,1
9,4,4,0.44444395061783265,6,22811.383537785186,136868.30122671113,1
17,2,7,0.41176446366796254,3,53333.71668164048,160001.15004492144,1
8,4,0,0.0,3,46790.46455239168,140371.39365717504,1
2,2,1,0.49999750001249993,6,39414.46351338152,236486.7810802891,1
13,1,5,0.38461508875762407,6,9610.32721348055,57661.9632808833,0
3,2,1,0.3333322222259259,3,60284.886827711576,180854.66048313474,2
16,5,5,0.31249980468762206,1,23977.404971413827,23977.404971413827,1
6,1,4,0.6666655555574075,5,52297.30432818762,261486.52164093812,1
19,2,9,0.4736839612189678,2,27635.887976841597,55271.775953683195,2
7,4,4,0.571427755103207,5,26432.55180922275,132162.75904611376,1
10,4,3,0.2999997000003,1,48029.24167869396,48029.24167869396,1
9,7,0,0.0,4,46076.97555166597,184307.9022066639,2
2,4,0,0.0,1,20823.53679209462,20823.53679209462,1
15,3,4,0.2666664888890074,4,59551.3868080669,238205.5472322676,1
5,0,0,0.0,2,34909.3150193589,69818.6300387178,2
4,4,0,0.0,2,39033.930005590395,78067.86001118079,0
4,1,3,0.7499981250046875,7,33543.83564050581,234806.84948354066,0
18,7,7,0.3888886728396262,3,21458.541334586753,64375.624003760255,2
4,4,1,0.24999937500156252,1,49028.36692152607,49028.36692152607,2
17,3,4,0.23529397923883574,3,42343.26042542308,127029.78127626925,2
12,5,4,0.33333305555578707,3,25923.727333312858,77771.18199993858,0
17,1,1,0.058823494809708936,3,52161.99994914889,156485.99984744668,0
10,3,6,0.5999994000006,2,38822.55411881009,77645.10823762018,0
1,5,0,0.0,6,39145.655249151045,234873.93149490625,1
18,6,6,0.33333314814825105,5,64647.78036636711,323238.9018318355,1
18,6,6,0.33333314814825105,7,13880.003127245522,97160.02189071865,1
14,1,2,0.1428570408163994,4,13681.941356435733,54727.76542574293,0
15,2,6,0.39999973333351113,3,17059.924012393407,51179.77203718022,1
12,0,5,0.4166663194447338,5,43454.49849742298,217272.4924871149,1
4,7,2,0.49999875000312505,4,32614.346254995835,130457.38501998334,0
3,0,0,0.0,4,33806.80321409121,135227.21285636484,2
12,3,4,0.33333305555578707,1,23863.753825750213,23863.753825750213,0
7,5,3,0.4285708163274053,2,62978.76910732547,125957.53821465094,1
11,0,6,0.5454540495872277,1,68015.2695510933,68015.2695510933,2
1,5,0,0.0,3,51483.56844172305,154450.70532516914,1
6,5,2,0.33333277777870374,0,15390.714907333571,0.0,1
15,3,6,0.39999973333351113,3,30696.54713766163,92089.64141298489,1
15,3,6,0.39999973333351113,5,50411.917019295746,252059.58509647872,2
19,3,6,0.31578930747931183,4,37312.55978357929,149250.23913431715,1
11,0,4,0.3636360330581518,3,51533.30668351372,154599.92005054117,1
2,6,1,0.49999750001249993,0,56717.23058867494,0.0,2
14,3,7,0.49999964285739795,2,66607.93590038303,133215.87180076606,2
2,7,1,0.49999750001249993,1,28177.0226201596,28177.0226201596,1
4,0,3,0.7499981250046875,2,39219.27420547451,78438.54841094902,2
17,3,6,0.3529409688582536,5,31388.55032303352,156942.7516151676,2
3,4,2,0.6666644444518518,6,7988.2664005490215,47929.59840329413,1
13,5,6,0.46153810650914884,4,48523.815965858,194095.263863432,1
9,7,3,0.3333329629633745,3,46451.62701877114,139354.88105631343,0
7,3,4,0.571427755103207,7,29797.607703419817,208583.25392393873,0
15,1,3,0.19999986666675557,1,14029.167621066572,14029.167621066572,2
11,5,6,0.5454540495872277,2,32238.151114857494,64476.30222971499,1
2,5,1,0.49999750001249993,6,48966.8998251667,293801.3989510002,2
15,3,2,0.1333332444445037,6,58059.99320171635,348359.95921029814,1
14,6,6,0.42857112244919826,1,27311.320056990087,27311.320056990087,1
11,2,7,0.6363630578517656,4,54615.44528986342,218461.78115945368,1
3,6,0,0.0,2,47337.06374283119,94674.12748566238,0
17,3,6,0.3529409688582536,7,44198.51121177003,309389.5784823902,2
12,5,5,0.4166663194447338,3,18596.717813851832,55790.15344155549,1
15,7,7,0.46666635555576297,2,19248.567851401906,38497.13570280381,1
16,1,5,0.31249980468762206,9,25538.210553493827,229843.89498144443,0
5,7,1,0.19999960000080003,7,33104.187230600415,231729.3106142029,2
6,7,0,0.0,1,65011.19103854179,65011.19103854179,2
19,5,7,0.36842085872586383,3,28066.473493991958,84199.42048197587,1
5,6,2,0.39999920000160005,4,49568.771213768174,198275.0848550727,1
3,1,2,0.6666644444518518,1,31028.551428269944,31028.551428269944,1
1,0,0,0.0,4,45090.60969304018,180362.43877216073,1
6,4,3,0.4999991666680556,8,37055.28251318242,296442.26010545937,1
15,5,2,0.1333332444445037,3,40655.346934906745,121966.04080472024,1
2,3,0,0.0,1,43544.221938500246,43544.221938500246,0
3,0,1,0.3333322222259259,2,34258.140419448275,68516.28083889655,1
17,4,6,0.3529409688582536,3,43616.96061045738,130850.88183137216,1
12,3,5,0.4166663194447338,6,56508.73742880011,339052.42457280064,1
18,7,9,0.49999972222237654,7,26688.268769640366,186817.88138748257,0
15,2,6,0.39999973333351113,3,55787.98734398842,167363.96203196526,1
12,3,7,0.5833328472226273,6,34021.95491539536,204131.7294923722,1
16,1,8,0.4999996875001953,4,32435.11549093064,129740.46196372256,1
8,1,3,0.37499953125058594,5,48493.3904204161,242466.9521020805,1
14,2,7,0.49999964285739795,3,32882.612253376574,98647.83676012972,2
17,0,7,0.41176446366796254,5,42787.53875847375,213937.69379236875,0
8,4,1,0.12499984375019532,5,41386.21861416988,206931.09307084937,2
15,3,6,0.39999973333351113,6,6747.69222076845,40486.1533246107,1
14,1,3,0.21428556122459913,4,44263.77623155148,177055.1049262059,1
18,0,7,0.3888886728396262,6,16383.474480012923,98300.84688007753,1
7,2,3,0.4285708163274053,2,17526.776378513747,35053.55275702749,1
3,6,0,0.0,1,43496.95618343715,43496.95618343715,1
12,5,3,0.24999979166684028,3,46048.84650974421,138146.53952923263,1
3,6,2,0.6666644444518518,6,56075.7418525836,336454.4511155016,1
14,6,5,0.35714260204099857,4,21659.486186536167,86637.94474614467,2
15,1,4,0.2666664888890074,3,26880.814935863986,80642.44480759196,1
14,7,6,0.42857112244919826,1,44965.48690766535,44965.48690766535,0
7,7,3,0.4285708163274053,6,56364.161890335985,338184.9713420159,0
17,2,6,0.3529409688582536,4,40882.62188094768,163530.4875237907,1
12,3,8,0.6666661111115741,4,24830.015761430433,99320.06304572173,1
4,7,2,0.49999875000312505,6,60596.255353717264,363577.5321223036,1
9,6,3,0.3333329629633745,1,34064.50204653376,34064.50204653376,1
6,7,3,0.4999991666680556,3,34531.99062104142,103595.97186312426,0
16,6,8,0.4999996875001953,2,16462.289161873945,32924.57832374789,1
2,4,0,0.0,4,48861.315124198125,195445.2604967925,1
8,1,2,0.24999968750039064,2,50789.08384070884,101578.16768141768,2
11,1,3,0.2727270247936138,6,27412.534799147827,164475.20879488694,2
13,3,5,0.38461508875762407,2,64268.10588583497,128536.21177166994,2
17,7,6,0.3529409688582536,4,29193.07419166482,116772.29676665927,1
8,7,3,0.37499953125058594,5,47378.817181940925,236894.08590970462,1
18,5,10,0.5555552469137517,2,41354.73807938314,82709.47615876628,0
18,0,8,0.4444441975310014,6,7616.657075592132,45699.942453552794,1
14,4,3,0.21428556122459913,3,46158.55225317249,138475.65675951747,0
15,1,4,0.2666664888890074,3,44811.869692553824,134435.60907766147,2
6,4,2,0.33333277777870374,3,11504.260040828294,34512.78012248488,1
11,1,3,0.2727270247936138,2,60879.99910549314,121759.99821098628,1
13,4,5,0.38461508875762407,3,44872.82644792167,134618.479343765,0
1,2,1,0.9999900000999989,4,56591.01700131952,226364.06800527807,1
6,6,1,0.16666638888935187,5,12258.391808433114,61291.959042165574,1
9,1,3,0.3333329629633745,3,31843.515555765018,95530.54666729506,1
8,4,4,0.4999993750007813,3,55709.0375900225,167127.1127700675,1
11,7,3,0.2727270247936138,4,14475.629660536924,57902.5186421477,0
19,0,5,0.2631577562327599,1,32283.347677190086,32283.347677190086,1
9,2,3,0.3333329629633745,5,44097.523588408905,220487.6179420445,1
17,2,3,0.1764704844291268,4,9581.295053618476,38325.180214473905,2
12,0,7,0.5833328472226273,4,18179.153650038457,72716.61460015383,1
14,4,2,0.1428570408163994,4,58731.2635249637,234925.0540998548,1
15,7,5,0.3333331111112593,1,38896.91909435238,38896.91909435238,2
16,3,6,0.3749997656251465,2,55650.50140489065,111301.0028097813,1
1,0,1,0.9999900000999989,3,40731.43393842272,122194.30181526816,1
10,4,2,0.1999998000002,6,74838.44655492269,449030.67932953616,1
8,0,1,0.12499984375019532,7,44580.984247930166,312066.88973551115,2
18,0,2,0.11111104938275035,7,57046.684106523484,399326.7887456644,1
1,1,0,0.0,3,34308.703452645386,102926.11035793615,1
2,4,0,0.0,7,41160.94412627508,288126.60888392554,1
1,3,0,0.0,5,47628.06166143537,238140.30830717686,0
1,6,0,0.0,2,50117.0968781796,100234.1937563592,2
9,1,0,0.0,3,37415.13595420962,112245.40786262885,1
13,0,6,0.46153810650914884,4,38041.16584537922,152164.66338151688,1
1,6,0,0.0,7,45528.796370607495,318701.57459425245,1
13,5,4,0.30769207100609924,3,45518.9468322531,136556.8404967593,1
7,6,2,0.2857138775516035,4,22624.12403616441,90496.49614465763,2
2,0,2,0.9999950000249999,3,41374.41727524105,124123.25182572316,2
6,0,1,0.16666638888935187,5,42811.60890047615,214058.04450238077,1
7,7,4,0.571427755103207,1,23355.227640452675,23355.227640452675,2
14,4,6,0.42857112244919826,9,51588.90249363042,464300.1224426738,0
